id,index,y1,y2,y3,y4,y5,y6,y7,y8,y10,y11,y12,y14,y15,y17,y19,y20,y22,y23,y26,n27,n28,n29,n30,n31,n32,n33,n34,n36,n37,n38,n40,n41,n43,n45,n46,n48,n49,n52,n53,n54,n55,n56,n57,n58,n59,n60,n62,n63,n64,n66,n67,n69,n71,n72,n74,n75,n78,t79,t80,t81,t82,t83,t84,t85,t86,t88,t89,t90,t92,t93,t95,t97,t98,t100,t101,t104,t105,t106,t107,t108,t109,t110,t111,t112,t114,t115,t116,t118,t119,t121,t123,t124,t126,t127,t130,edad,antigüedad en la organización,educacion,hijos,estado civil,area,nivel del cargo,genero,antigüedad en el cargo,Conexion,Equilibrio,Proposito,Orgullo (eNps),Pedir ayuda,Contribucion,Retroalimentacion,Reconocimiento,Liderazgo y trabajo en equipo,Rituales,Comunicacion,Conversaciones,Entorno saludable,Innovacion,Adaptabilidad,Toma de decisiones,Empoderamiento,Relaciones,Superar metas,edad_bkt,antigüedad en el cargo bkt,antigüedad en la organización bkt
0,mq0z1pftb9fb1491f0mq0z1emauzk1mc,1.0,5.0,5.0,2.0,5.0,2.0,2.0,1.0,5.0,2.0,4.0,2.0,4.0,2.0,5.0,5.0,2.0,5.0,1.0,4.0,5.0,3.0,5.0,3.0,4.0,5.0,4.0,5.0,3.0,5.0,4.0,5.0,5.0,5.0,5.0,4.0,5.0,5.0,4.0,4.0,3.0,5.0,4.0,5.0,4.0,4.0,5.0,3.0,5.0,2.0,3.0,5.0,3.0,3.0,5.0,5.0,4.0,4.0,5.0,5.0,5.0,5.0,4.0,4.0,3.0,5.0,4.0,3.0,5.0,4.0,5.0,5.0,5.0,5.0,5.0,5.0,5.0,4.0,4.0,5.0,5.0,5.0,5.0,5.0,5.0,4.0,5.0,4.0,5.0,1.0,3.0,5.0,5.0,5.0,5.0,"26,0","5,0",ingenieria sistemas,2.0,casado,backend,jefe II,masculino,"3,0","3,6","4,6","4,0","4,4","4,4","4,0","4,0","3,4","5,0","3,2","4,4","3,4","4,2","3,6","4,2","4,6","4,2","5,0","4,0",25-35,1-3,3-5
1,9xkor55metywungy9xkor5f6rhjyubo4,4.0,4.0,5.0,4.0,2.0,4.0,5.0,5.0,5.0,5.0,5.0,4.0,5.0,4.0,5.0,5.0,5.0,4.0,5.0,5.0,5.0,5.0,5.0,4.0,4.0,5.0,5.0,5.0,5.0,5.0,5.0,5.0,5.0,5.0,5.0,5.0,5.0,5.0,5.0,4.0,5.0,5.0,5.0,5.0,5.0,5.0,5.0,5.0,5.0,5.0,5.0,5.0,1.0,5.0,5.0,5.0,5.0,5.0,5.0,5.0,5.0,5.0,5.0,5.0,5.0,5.0,5.0,5.0,5.0,5.0,5.0,5.0,4.0,5.0,5.0,5.0,5.0,5.0,5.0,5.0,1.0,4.0,1.0,5.0,5.0,5.0,5.0,5.0,1.0,5.0,5.0,5.0,5.0,5.0,5.0,"43,0","1,0",ingenieria electrica,2.0,soltero,soporte,analista II,femenino,"3,0","4,8","4,6","5,0","4,8","3,4","4,4","4,2","5,0","5,0","5,0","5,0","4,8","4,2","4,8","4,2","4,8","5,0","4,8","5,0",35-45,1-3,0-1
2,opb2crl2dnaqzs5q21opb2rkiczpuqfk,4.0,4.0,4.0,2.0,5.0,5.0,2.0,5.0,4.0,2.0,5.0,4.0,4.0,4.0,4.0,5.0,4.0,4.0,5.0,5.0,4.0,5.0,5.0,3.0,5.0,4.0,3.0,4.0,4.0,5.0,5.0,4.0,5.0,5.0,5.0,5.0,5.0,3.0,4.0,5.0,4.0,5.0,5.0,4.0,4.0,4.0,5.0,4.0,5.0,5.0,3.0,5.0,4.0,3.0,5.0,4.0,5.0,5.0,5.0,5.0,5.0,5.0,5.0,4.0,3.0,5.0,4.0,5.0,4.0,5.0,5.0,4.0,5.0,3.0,4.0,5.0,5.0,4.0,5.0,5.0,5.0,5.0,4.0,4.0,5.0,5.0,5.0,5.0,4.0,5.0,5.0,5.0,5.0,5.0,4.0,"28,0","6,0",sicologo,1.0,casado,gh,jefe I,otro,"4,0","4,6","4,4","4,6","4,4","4,6","4,8","3,6","3,8","4,6","3,8","5,0","4,6","4,0","4,8","4,4","4,6","4,4","4,4","4,4",25-35,3-5,5-8
3,58exkvxr5tbkkbmvg58exkvemw0mo0r4,2.0,2.0,4.0,2.0,2.0,5.0,4.0,4.0,5.0,2.0,4.0,4.0,5.0,4.0,5.0,5.0,4.0,4.0,5.0,5.0,5.0,3.0,4.0,5.0,5.0,5.0,5.0,5.0,5.0,4.0,5.0,5.0,3.0,4.0,5.0,5.0,5.0,4.0,5.0,5.0,4.0,5.0,4.0,5.0,4.0,5.0,5.0,4.0,4.0,1.0,1.0,5.0,4.0,5.0,5.0,5.0,5.0,5.0,5.0,5.0,5.0,5.0,4.0,4.0,4.0,5.0,5.0,5.0,4.0,5.0,4.0,5.0,5.0,4.0,5.0,4.0,5.0,4.0,3.0,5.0,5.0,3.0,1.0,5.0,5.0,4.0,5.0,5.0,5.0,5.0,5.0,5.0,5.0,4.0,5.0,"43,0","6,0",ingenieria sistemas,0.0,soltero,frontend,analista I,masculino,"4,0","4,4","4,2","3,8","4,2","4,2","4,4","3,6","4,6","5,0","4,0","4,4","3,8","4,2","4,2","4,6","5,0","4,6","4,6","4,6",35-45,3-5,5-8
4,2n30a8y1j7yohzf2n3062b74tir8c4gn,2.0,5.0,1.0,5.0,5.0,2.0,2.0,1.0,4.0,5.0,5.0,4.0,4.0,1.0,5.0,2.0,2.0,4.0,5.0,5.0,5.0,5.0,5.0,5.0,5.0,5.0,5.0,5.0,5.0,5.0,5.0,5.0,5.0,5.0,5.0,5.0,5.0,5.0,5.0,5.0,5.0,5.0,5.0,5.0,5.0,5.0,5.0,5.0,5.0,5.0,1.0,5.0,5.0,5.0,5.0,5.0,5.0,5.0,5.0,5.0,5.0,5.0,5.0,5.0,5.0,5.0,5.0,5.0,5.0,5.0,5.0,5.0,5.0,5.0,5.0,5.0,5.0,5.0,5.0,5.0,5.0,5.0,1.0,5.0,5.0,5.0,5.0,5.0,5.0,5.0,5.0,5.0,5.0,5.0,5.0,"23,0","4,0",ingenieria industrial,3.0,casado,analista,analista I,femenino,"1,0","4,4","5,0","4,2","5,0","5,0","4,4","3,6","4,2","4,8","5,0","5,0","4,8","4,0","4,2","5,0","4,4","4,4","4,8","5,0",18-25,0-1,3-5
5,3vaqwob2kbf9f3syua3vaqwob2b60mmn,2.0,4.0,4.0,4.0,5.0,5.0,5.0,5.0,4.0,2.0,4.0,4.0,2.0,5.0,5.0,5.0,5.0,2.0,5.0,3.0,4.0,3.0,5.0,5.0,5.0,5.0,3.0,4.0,2.0,5.0,5.0,5.0,4.0,5.0,5.0,4.0,5.0,4.0,4.0,5.0,4.0,5.0,4.0,5.0,4.0,4.0,5.0,4.0,5.0,5.0,1.0,5.0,4.0,5.0,5.0,5.0,5.0,5.0,4.0,4.0,5.0,5.0,4.0,4.0,4.0,4.0,5.0,5.0,4.0,4.0,5.0,5.0,5.0,4.0,5.0,5.0,5.0,4.0,4.0,5.0,5.0,5.0,3.0,4.0,5.0,5.0,3.0,5.0,5.0,5.0,5.0,5.0,4.0,5.0,5.0,"24,0","1,0",ingenieria sistemas,1.0,soltero,backend,analista III,otro,"1,0","3,8","4,2","3,8","4,8","4,8","4,8","4,2","4,0","4,4","3,6","4,4","4,6","3,4","4,8","4,8","5,0","4,4","4,4","4,8",18-25,0-1,0-1
6,xl5n6ha4ermq2ihy6cxl5nkmlrem0xyo,2.0,2.0,2.0,2.0,2.0,1.0,4.0,1.0,5.0,5.0,5.0,4.0,4.0,4.0,5.0,5.0,4.0,5.0,5.0,3.0,5.0,5.0,5.0,5.0,5.0,5.0,5.0,5.0,5.0,5.0,5.0,5.0,5.0,3.0,5.0,5.0,5.0,5.0,5.0,5.0,5.0,5.0,5.0,5.0,3.0,5.0,5.0,5.0,5.0,1.0,3.0,5.0,3.0,3.0,5.0,3.0,5.0,5.0,5.0,5.0,5.0,5.0,5.0,5.0,5.0,5.0,5.0,5.0,5.0,5.0,5.0,5.0,5.0,5.0,5.0,5.0,5.0,5.0,5.0,5.0,5.0,5.0,3.0,3.0,5.0,5.0,5.0,5.0,5.0,5.0,1.0,5.0,5.0,5.0,5.0,"31,0","5,0",ingenieria electrica,0.0,casado,soporte,analista II,masculino,"4,0","4,0","4,4","4,4","4,4","4,4","4,2","4,0","3,8","5,0","5,0","5,0","4,0","4,4","4,8","3,4","4,6","4,8","4,6","5,0",25-35,3-5,3-5
7,mo1pr8vlw64ueotl5tlr5mo1pr8vtc4t,4.0,2.0,5.0,1.0,5.0,4.0,1.0,5.0,5.0,2.0,5.0,5.0,2.0,4.0,5.0,2.0,4.0,5.0,5.0,5.0,5.0,2.0,5.0,5.0,5.0,5.0,3.0,4.0,4.0,5.0,5.0,5.0,4.0,3.0,5.0,5.0,5.0,3.0,5.0,4.0,3.0,4.0,4.0,4.0,4.0,4.0,3.0,4.0,4.0,3.0,3.0,2.0,5.0,5.0,3.0,5.0,5.0,4.0,5.0,5.0,5.0,5.0,5.0,5.0,5.0,5.0,5.0,4.0,4.0,4.0,3.0,3.0,3.0,3.0,3.0,3.0,5.0,3.0,3.0,3.0,5.0,3.0,4.0,4.0,5.0,4.0,5.0,5.0,3.0,5.0,3.0,3.0,5.0,4.0,4.0,"35,0","5,0",sicologo,1.0,soltero,gh,jefe I,femenino,"3,0","4,6","3,8","3,6","3,6","4,8","4,2","3,8","4,2","4,4","3,8","4,6","4,4","3,4","3,6","3,8","3,6","4,0","4,4","4,0",25-35,1-3,3-5
8,0q36mwytqaagdeo0i0q36ils99vvr7yl,4.0,2.0,1.0,2.0,2.0,2.0,2.0,5.0,4.0,2.0,5.0,4.0,4.0,2.0,5.0,4.0,4.0,2.0,5.0,5.0,3.0,3.0,5.0,5.0,5.0,5.0,5.0,5.0,5.0,5.0,5.0,5.0,1.0,4.0,5.0,4.0,5.0,5.0,4.0,4.0,5.0,5.0,5.0,5.0,5.0,5.0,5.0,4.0,5.0,5.0,1.0,3.0,4.0,5.0,5.0,3.0,5.0,5.0,4.0,5.0,5.0,5.0,5.0,4.0,5.0,5.0,5.0,5.0,4.0,4.0,3.0,4.0,3.0,4.0,4.0,5.0,4.0,4.0,5.0,5.0,5.0,5.0,1.0,1.0,4.0,3.0,5.0,4.0,5.0,5.0,4.0,5.0,5.0,5.0,5.0,"29,0","5,0",ingenieria sistemas,4.0,casado,frontend,analista I,otro,"3,0","4,4","3,4","3,8","4,4","4,4","4,4","3,4","4,2","4,6","3,8","5,0","4,4","3,8","2,8","4,2","4,4","4,4","3,8","5,0",25-35,1-3,3-5
9,3w7wit6swyhwmtu3w7wxicfmwsedtmqp,2.0,1.0,5.0,5.0,2.0,5.0,2.0,5.0,1.0,4.0,4.0,5.0,4.0,4.0,5.0,1.0,5.0,1.0,5.0,4.0,3.0,1.0,3.0,1.0,3.0,4.0,3.0,4.0,3.0,3.0,3.0,3.0,4.0,4.0,4.0,4.0,2.0,3.0,2.0,4.0,1.0,4.0,4.0,3.0,4.0,3.0,4.0,4.0,3.0,3.0,4.0,5.0,4.0,2.0,5.0,5.0,5.0,4.0,2.0,3.0,4.0,3.0,3.0,4.0,3.0,3.0,4.0,4.0,4.0,3.0,4.0,4.0,4.0,1.0,3.0,4.0,5.0,4.0,3.0,5.0,3.0,4.0,3.0,3.0,2.0,4.0,4.0,4.0,4.0,2.0,3.0,5.0,4.0,5.0,4.0,"36,0","5,0",estadistica,4.0,soltero,analista,analista II,masculino,"1,0","3,4","2,8","2,6","4,2","2,6","3,6","3,4","3,4","2,8","3,8","3,6","3,8","3,6","3,8","4,0","3,2","3,8","3,2","4,2",35-45,0-1,3-5
10,ajwh5czlqsobaj5gpqj7flntalbp5yhx,4.0,2.0,1.0,1.0,2.0,1.0,1.0,1.0,1.0,5.0,5.0,4.0,4.0,1.0,5.0,1.0,4.0,2.0,1.0,3.0,3.0,1.0,3.0,3.0,3.0,3.0,2.0,3.0,5.0,5.0,2.0,3.0,2.0,3.0,2.0,2.0,2.0,2.0,3.0,3.0,2.0,5.0,4.0,3.0,1.0,3.0,2.0,5.0,3.0,3.0,5.0,5.0,3.0,4.0,4.0,3.0,3.0,5.0,4.0,3.0,4.0,4.0,3.0,2.0,1.0,4.0,3.0,3.0,4.0,3.0,3.0,3.0,3.0,2.0,2.0,3.0,5.0,2.0,2.0,5.0,3.0,2.0,3.0,3.0,3.0,3.0,5.0,5.0,5.0,5.0,5.0,4.0,4.0,5.0,4.0,"37,0","5,0",ingenieria sistemas,2.0,casado,backend,analista III,femenino,"4,0","4,0","2,8","1,8","3,6","3,2","2,4","2,0","2,0","2,6","4,2","4,2","3,6","4,0","3,2","3,8","2,8","3,2","2,8","2,6",35-45,3-5,3-5
11,7gbgdlboxfgszl47xbkt7gbgw4fobbhf,4.0,4.0,1.0,2.0,2.0,1.0,1.0,1.0,2.0,2.0,4.0,4.0,2.0,2.0,5.0,5.0,4.0,4.0,1.0,2.0,3.0,2.0,3.0,2.0,4.0,2.0,3.0,3.0,1.0,4.0,4.0,3.0,3.0,4.0,4.0,3.0,5.0,2.0,3.0,3.0,4.0,5.0,4.0,4.0,3.0,3.0,3.0,3.0,5.0,5.0,4.0,5.0,3.0,5.0,3.0,5.0,3.0,3.0,3.0,3.0,4.0,5.0,4.0,3.0,3.0,3.0,4.0,3.0,3.0,3.0,3.0,3.0,3.0,3.0,3.0,3.0,2.0,3.0,3.0,3.0,5.0,4.0,2.0,4.0,4.0,5.0,5.0,4.0,2.0,5.0,2.0,5.0,3.0,5.0,5.0,"35,0","4,0",ingenieria electrica,1.0,soltero,soporte,analista III,otro,"1,0","2,8","3,2","2,6","3,4","3,6","3,4","2,2","2,8","3,0","3,0","4,2","4,0","2,8","3,6","3,4","4,4","3,2","4,4","2,8",25-35,0-1,3-5
12,14fdq24rb663809r3t5ajs14fdq45e8k,4.0,2.0,2.0,2.0,2.0,1.0,5.0,5.0,4.0,2.0,5.0,1.0,4.0,2.0,5.0,5.0,2.0,4.0,5.0,2.0,1.0,3.0,3.0,3.0,4.0,3.0,3.0,3.0,2.0,3.0,2.0,1.0,3.0,3.0,3.0,2.0,2.0,3.0,1.0,1.0,3.0,4.0,3.0,2.0,3.0,2.0,3.0,2.0,1.0,5.0,3.0,5.0,2.0,1.0,3.0,4.0,3.0,4.0,4.0,3.0,4.0,3.0,3.0,3.0,2.0,3.0,2.0,2.0,2.0,2.0,4.0,4.0,4.0,2.0,2.0,3.0,3.0,3.0,3.0,4.0,3.0,4.0,2.0,2.0,1.0,2.0,3.0,3.0,3.0,3.0,3.0,5.0,3.0,3.0,3.0,"20,0","4,0",sicologo,1.0,casado,gh,analista III,masculino,"1,0","2,8","2,2","2,8","3,4","2,8","2,8","3,2","2,8","2,8","2,0","2,8","2,6","2,6","3,4","3,4","3,6","2,4","3,0","3,4",18-25,0-1,3-5
13,qalptyo5f6dxok2hwyqalptytjulja36,4.0,2.0,1.0,5.0,2.0,1.0,1.0,1.0,4.0,5.0,2.0,4.0,2.0,1.0,5.0,5.0,2.0,1.0,5.0,3.0,3.0,3.0,4.0,4.0,3.0,3.0,4.0,4.0,3.0,4.0,4.0,4.0,3.0,4.0,5.0,3.0,3.0,3.0,4.0,2.0,3.0,5.0,3.0,4.0,2.0,3.0,4.0,4.0,4.0,2.0,3.0,3.0,2.0,3.0,4.0,4.0,4.0,3.0,3.0,3.0,4.0,3.0,4.0,3.0,4.0,4.0,3.0,3.0,3.0,4.0,3.0,3.0,3.0,4.0,4.0,3.0,4.0,4.0,3.0,4.0,4.0,4.0,3.0,3.0,3.0,3.0,3.0,4.0,3.0,4.0,5.0,4.0,4.0,3.0,3.0,"26,0","3,0",ingenieria sistemas,2.0,soltero,frontend,analista III,femenino,"1,0","3,6","2,8","2,6","4,4","3,2","3,2","2,4","3,0","3,8","3,6","3,2","3,4","3,2","2,8","3,8","4,0","3,4","3,0","3,6",25-35,0-1,1-3
14,c0nmrp8r2yo75knqxz0s3h6ip0c0nmrp,1.0,4.0,5.0,2.0,2.0,1.0,2.0,5.0,2.0,5.0,1.0,4.0,4.0,2.0,1.0,1.0,2.0,5.0,5.0,5.0,4.0,3.0,5.0,5.0,5.0,5.0,5.0,5.0,4.0,5.0,5.0,4.0,5.0,2.0,5.0,3.0,5.0,3.0,3.0,5.0,1.0,5.0,3.0,5.0,5.0,5.0,4.0,4.0,5.0,2.0,2.0,3.0,4.0,4.0,4.0,5.0,5.0,5.0,2.0,4.0,4.0,4.0,4.0,5.0,5.0,2.0,4.0,2.0,2.0,3.0,1.0,1.0,1.0,2.0,2.0,3.0,2.0,1.0,3.0,5.0,2.0,3.0,3.0,4.0,5.0,3.0,5.0,5.0,4.0,1.0,1.0,3.0,5.0,5.0,5.0,"36,0","5,0",matematica,1.0,casado,analista,jefe II,otro,"3,0","3,2","3,2","3,2","4,2","3,2","3,6","4,0","4,8","3,6","4,0","3,6","3,6","3,4","2,4","1,8","2,8","3,2","4,4","4,2",35-45,1-3,3-5
15,by9fzl29ox7odh65cmxby9fzl0epzssj,2.0,2.0,5.0,5.0,5.0,5.0,5.0,5.0,4.0,1.0,5.0,4.0,4.0,4.0,5.0,5.0,5.0,4.0,5.0,4.0,5.0,3.0,5.0,5.0,5.0,4.0,5.0,5.0,5.0,5.0,5.0,5.0,5.0,5.0,5.0,5.0,5.0,5.0,5.0,5.0,5.0,5.0,5.0,5.0,5.0,5.0,5.0,5.0,5.0,3.0,3.0,5.0,4.0,5.0,5.0,1.0,4.0,5.0,5.0,5.0,5.0,5.0,5.0,5.0,5.0,5.0,5.0,5.0,5.0,5.0,4.0,5.0,5.0,3.0,4.0,5.0,5.0,4.0,4.0,5.0,5.0,5.0,3.0,5.0,5.0,3.0,5.0,5.0,5.0,5.0,3.0,5.0,5.0,5.0,5.0,"44,0","3,0",ingenieria sistemas,3.0,soltero,backend,analista II,masculino,"1,0","4,2","4,2","4,4","5,0","5,0","5,0","4,4","5,0","4,8","3,8","5,0","4,4","4,4","4,6","4,4","5,0","4,6","3,8","4,8",35-45,0-1,1-3
16,sazukn04qo6axs1w4sazud2l8sdbhwyb,2.0,4.0,5.0,4.0,5.0,5.0,5.0,5.0,5.0,5.0,5.0,4.0,4.0,5.0,5.0,5.0,5.0,5.0,5.0,5.0,5.0,5.0,5.0,5.0,5.0,5.0,5.0,5.0,5.0,5.0,5.0,5.0,5.0,5.0,5.0,5.0,5.0,5.0,5.0,5.0,5.0,5.0,5.0,5.0,5.0,5.0,5.0,5.0,5.0,5.0,1.0,5.0,4.0,5.0,5.0,5.0,4.0,5.0,5.0,5.0,5.0,5.0,5.0,5.0,5.0,5.0,5.0,5.0,5.0,5.0,5.0,5.0,5.0,5.0,5.0,5.0,5.0,5.0,5.0,5.0,5.0,5.0,1.0,4.0,5.0,5.0,5.0,5.0,5.0,5.0,5.0,5.0,5.0,5.0,5.0,"29,0","4,0",ingenieria electrica,4.0,casado,soporte,jefe II,femenino,"2,0","4,4","4,8","5,0","4,8","5,0","5,0","4,2","4,8","5,0","5,0","5,0","4,8","4,0","5,0","4,8","5,0","5,0","5,0","4,8",25-35,1-3,3-5
17,5cz8ncvvdl3pyh5d5cz8ncediat4zlvs,4.0,4.0,5.0,2.0,4.0,1.0,5.0,4.0,1.0,2.0,4.0,4.0,4.0,1.0,5.0,5.0,2.0,5.0,1.0,5.0,2.0,1.0,3.0,4.0,5.0,3.0,3.0,5.0,2.0,5.0,4.0,4.0,4.0,4.0,5.0,4.0,4.0,3.0,2.0,4.0,1.0,5.0,4.0,1.0,3.0,4.0,5.0,2.0,3.0,3.0,4.0,3.0,3.0,3.0,4.0,3.0,4.0,3.0,3.0,2.0,5.0,4.0,4.0,5.0,3.0,2.0,4.0,3.0,3.0,4.0,3.0,3.0,3.0,2.0,2.0,3.0,3.0,2.0,3.0,3.0,3.0,2.0,3.0,2.0,3.0,2.0,3.0,1.0,3.0,3.0,4.0,5.0,2.0,3.0,3.0,"30,0","1,0",sicologo,3.0,soltero,gh,analista II,otro,"1,0","3,4","3,0","2,4","3,6","3,8","2,6","3,8","3,2","3,2","2,4","3,6","3,0","3,8","2,8","3,8","4,2","2,8","3,4","2,8",25-35,0-1,0-1
18,7h1dkovtwdq9oev37hcel0xpiuri4ae5,2.0,2.0,1.0,2.0,5.0,1.0,2.0,1.0,4.0,5.0,5.0,4.0,4.0,4.0,5.0,1.0,5.0,4.0,1.0,3.0,4.0,3.0,3.0,3.0,3.0,3.0,3.0,3.0,3.0,3.0,3.0,3.0,3.0,3.0,3.0,3.0,3.0,3.0,3.0,3.0,3.0,3.0,3.0,3.0,3.0,3.0,3.0,3.0,3.0,4.0,2.0,3.0,3.0,3.0,3.0,3.0,3.0,3.0,3.0,3.0,3.0,3.0,3.0,3.0,3.0,3.0,3.0,3.0,3.0,3.0,3.0,3.0,3.0,3.0,3.0,4.0,3.0,3.0,3.0,4.0,4.0,3.0,1.0,1.0,3.0,3.0,5.0,5.0,3.0,4.0,5.0,5.0,3.0,4.0,4.0,"34,0","1,0",ingenieria sistemas,3.0,casado,frontend,jefe II,masculino,"3,0","2,8","3,0","2,6","3,0","3,6","2,6","2,4","2,2","3,2","3,4","3,8","3,8","3,0","3,4","3,8","3,0","3,4","3,4","3,0",25-35,1-3,0-1
19,5urp88htuchik9y0f30g5urp8dqa3aqg,4.0,2.0,5.0,5.0,5.0,5.0,4.0,4.0,4.0,2.0,5.0,4.0,5.0,4.0,5.0,5.0,4.0,4.0,5.0,5.0,5.0,4.0,5.0,5.0,5.0,5.0,5.0,5.0,5.0,5.0,5.0,5.0,5.0,5.0,5.0,5.0,5.0,5.0,5.0,5.0,5.0,5.0,5.0,5.0,5.0,5.0,3.0,5.0,5.0,2.0,4.0,5.0,4.0,5.0,5.0,5.0,5.0,5.0,5.0,5.0,5.0,5.0,4.0,5.0,5.0,5.0,5.0,5.0,3.0,5.0,5.0,5.0,5.0,5.0,5.0,5.0,5.0,5.0,5.0,5.0,5.0,5.0,3.0,1.0,5.0,5.0,5.0,5.0,5.0,5.0,3.0,5.0,5.0,5.0,5.0,"29,0","2,0",ingenieria industrial,0.0,soltero,analista,jefe I,femenino,"3,0","4,8","4,4","4,8","5,0","5,0","4,8","4,4","4,0","4,4","4,4","5,0","3,8","4,8","4,8","4,4","5,0","4,8","4,8","5,0",25-35,1-3,1-3
20,h289erd2vmcis8swq578wkah289erw0b,4.0,2.0,5.0,5.0,2.0,5.0,5.0,4.0,5.0,2.0,5.0,4.0,5.0,4.0,5.0,5.0,4.0,4.0,5.0,3.0,5.0,4.0,5.0,5.0,4.0,5.0,4.0,4.0,3.0,5.0,5.0,4.0,4.0,3.0,5.0,4.0,5.0,5.0,4.0,3.0,5.0,5.0,1.0,3.0,3.0,4.0,5.0,3.0,3.0,5.0,5.0,5.0,5.0,4.0,5.0,3.0,4.0,5.0,5.0,5.0,5.0,4.0,4.0,4.0,4.0,5.0,5.0,4.0,3.0,4.0,5.0,4.0,5.0,5.0,5.0,5.0,5.0,5.0,3.0,5.0,5.0,5.0,5.0,4.0,5.0,5.0,5.0,5.0,5.0,5.0,5.0,5.0,3.0,5.0,5.0,"31,0","5,0",ingenieria sistemas,4.0,casado,backend,analista III,otro,"3,0","4,2","4,0","4,4","5,0","3,4","4,2","4,4","4,0","4,8","3,6","4,4","4,4","4,6","4,6","4,4","4,8","4,2","4,4","4,8",25-35,1-3,3-5
21,2postp419r47of0nk2postp5sukgf1ju,1.0,4.0,1.0,1.0,5.0,2.0,2.0,2.0,4.0,5.0,4.0,2.0,2.0,1.0,5.0,1.0,4.0,4.0,1.0,4.0,5.0,4.0,5.0,5.0,5.0,5.0,5.0,4.0,3.0,5.0,5.0,5.0,5.0,4.0,5.0,5.0,5.0,4.0,5.0,1.0,5.0,5.0,5.0,4.0,5.0,5.0,5.0,5.0,5.0,1.0,4.0,5.0,3.0,3.0,5.0,3.0,5.0,5.0,5.0,4.0,5.0,2.0,3.0,5.0,4.0,5.0,3.0,3.0,3.0,5.0,5.0,5.0,5.0,4.0,5.0,5.0,5.0,4.0,5.0,5.0,1.0,4.0,3.0,3.0,5.0,5.0,5.0,5.0,5.0,5.0,5.0,5.0,3.0,5.0,5.0,"30,0","2,0",ingenieria electrica,1.0,soltero,soporte,analista III,masculino,"2,0","4,0","3,8","3,8","4,2","3,6","3,6","4,0","3,8","4,6","4,2","4,4","3,2","4,2","4,2","4,4","3,8","4,2","4,4","4,0",25-35,1-3,1-3
22,thg8syh26hx9mq6i5thg8syh21s5chex,4.0,2.0,5.0,4.0,5.0,4.0,1.0,5.0,2.0,4.0,5.0,2.0,4.0,4.0,5.0,5.0,5.0,2.0,5.0,3.0,5.0,3.0,3.0,3.0,3.0,3.0,3.0,3.0,3.0,3.0,3.0,3.0,3.0,3.0,3.0,3.0,3.0,3.0,3.0,3.0,3.0,3.0,3.0,3.0,3.0,3.0,3.0,3.0,3.0,3.0,3.0,3.0,3.0,3.0,3.0,3.0,3.0,3.0,3.0,3.0,3.0,3.0,3.0,3.0,3.0,3.0,3.0,3.0,3.0,3.0,3.0,3.0,3.0,3.0,3.0,3.0,3.0,3.0,3.0,3.0,3.0,3.0,3.0,3.0,3.0,3.0,3.0,3.0,3.0,2.0,3.0,3.0,3.0,3.0,3.0,"22,0","6,0",sicologo,3.0,casado,gh,analista III,femenino,"3,0","3,2","3,2","3,4","3,2","3,4","3,2","2,6","3,4","2,8","3,2","3,4","2,8","3,2","3,0","3,4","3,4","3,4","2,8","3,4",18-25,1-3,5-8
23,tl6bgwpd0bd5ffwxrtl6bgwrc5qkbeh3,2.0,2.0,1.0,2.0,5.0,4.0,5.0,5.0,5.0,2.0,1.0,4.0,4.0,2.0,4.0,1.0,5.0,5.0,5.0,3.0,2.0,3.0,4.0,3.0,4.0,2.0,3.0,3.0,3.0,5.0,4.0,5.0,5.0,4.0,4.0,4.0,4.0,3.0,3.0,4.0,2.0,4.0,4.0,3.0,2.0,4.0,4.0,2.0,3.0,5.0,1.0,5.0,3.0,2.0,3.0,1.0,4.0,4.0,2.0,5.0,5.0,5.0,4.0,3.0,4.0,4.0,3.0,3.0,3.0,3.0,3.0,3.0,3.0,3.0,3.0,3.0,4.0,3.0,3.0,5.0,4.0,4.0,4.0,3.0,3.0,2.0,4.0,4.0,4.0,5.0,5.0,5.0,4.0,3.0,3.0,"41,0","4,0",ingenieria sistemas,2.0,soltero,frontend,jefe II,otro,"4,0","3,2","2,6","2,8","4,0","4,2","3,8","3,2","3,8","3,8","2,4","3,2","4,0","3,4","4,0","3,8","3,0","3,8","3,2","3,6",35-45,3-5,3-5
24,y9b3w9wfwaiq9fry96nnsd235btt7tby,5.0,4.0,1.0,2.0,2.0,1.0,5.0,5.0,4.0,5.0,5.0,2.0,5.0,4.0,5.0,4.0,2.0,4.0,5.0,4.0,4.0,3.0,3.0,3.0,3.0,3.0,3.0,3.0,3.0,3.0,4.0,5.0,3.0,3.0,5.0,4.0,4.0,3.0,4.0,4.0,4.0,4.0,4.0,4.0,3.0,3.0,4.0,5.0,4.0,5.0,4.0,5.0,3.0,5.0,4.0,3.0,4.0,4.0,4.0,4.0,4.0,4.0,4.0,5.0,4.0,4.0,4.0,4.0,4.0,4.0,3.0,3.0,4.0,3.0,3.0,3.0,4.0,3.0,4.0,4.0,4.0,4.0,1.0,2.0,4.0,3.0,3.0,3.0,3.0,4.0,4.0,4.0,4.0,4.0,4.0,"21,0","1,0",ingenieria industrial,0.0,casado,analista,analista II,masculino,"1,0","4,2","3,8","3,2","3,4","3,4","3,2","3,4","3,4","3,8","4,0","3,8","3,6","4,2","3,8","3,6","4,4","3,4","3,6","3,8",18-25,0-1,0-1
25,ke73qs04g2ax83064ke73el6035cz5yf,2.0,1.0,2.0,4.0,2.0,2.0,4.0,5.0,2.0,2.0,4.0,4.0,2.0,4.0,5.0,5.0,5.0,2.0,5.0,3.0,3.0,3.0,1.0,3.0,5.0,1.0,1.0,2.0,1.0,3.0,3.0,4.0,5.0,5.0,2.0,4.0,4.0,3.0,3.0,5.0,3.0,3.0,3.0,4.0,4.0,3.0,2.0,3.0,3.0,2.0,5.0,1.0,3.0,4.0,3.0,4.0,4.0,4.0,2.0,4.0,4.0,5.0,4.0,4.0,4.0,4.0,4.0,4.0,4.0,4.0,4.0,4.0,4.0,4.0,3.0,3.0,4.0,4.0,4.0,4.0,5.0,4.0,4.0,3.0,4.0,3.0,5.0,3.0,4.0,5.0,5.0,5.0,3.0,4.0,4.0,"23,0","2,0",ingenieria sistemas,4.0,soltero,backend,analista I,femenino,"2,0","3,2","3,0","3,2","3,2","3,6","3,8","3,4","3,2","2,8","2,6","3,8","3,2","3,8","3,8","4,4","4,0","3,8","3,4","3,8",18-25,1-3,1-3
26,3vdbwseked0hvaeyqcf8nmkq3vdbw8p0,2.0,5.0,5.0,2.0,5.0,2.0,1.0,5.0,2.0,4.0,5.0,4.0,4.0,4.0,5.0,4.0,5.0,4.0,5.0,4.0,2.0,2.0,3.0,5.0,4.0,4.0,4.0,5.0,4.0,4.0,5.0,5.0,4.0,4.0,3.0,2.0,5.0,3.0,5.0,5.0,4.0,5.0,4.0,4.0,2.0,4.0,4.0,5.0,4.0,5.0,1.0,5.0,2.0,4.0,5.0,4.0,4.0,5.0,2.0,5.0,5.0,5.0,4.0,2.0,4.0,5.0,4.0,3.0,3.0,5.0,3.0,5.0,5.0,4.0,2.0,3.0,5.0,3.0,4.0,5.0,5.0,5.0,1.0,1.0,5.0,5.0,5.0,5.0,5.0,5.0,5.0,5.0,4.0,5.0,4.0,"30,0","5,0",ingenieria electrica,3.0,casado,soporte,jefe II,otro,"4,0","4,2","3,4","4,0","4,0","4,8","3,8","2,0","3,6","4,2","4,4","4,2","4,4","4,0","4,2","4,2","4,2","4,0","4,0","3,8",25-35,3-5,3-5
27,6hng12s3pvtj276hnhxjv92egiosos98,2.0,4.0,2.0,2.0,2.0,1.0,2.0,5.0,4.0,2.0,5.0,1.0,4.0,1.0,5.0,2.0,5.0,5.0,1.0,4.0,3.0,3.0,5.0,3.0,4.0,4.0,4.0,5.0,4.0,5.0,5.0,4.0,5.0,5.0,5.0,3.0,3.0,4.0,2.0,4.0,4.0,5.0,4.0,3.0,2.0,4.0,4.0,4.0,4.0,3.0,3.0,5.0,4.0,4.0,3.0,3.0,4.0,5.0,4.0,4.0,4.0,4.0,3.0,4.0,4.0,5.0,5.0,5.0,4.0,3.0,5.0,5.0,5.0,5.0,5.0,4.0,4.0,4.0,4.0,5.0,3.0,4.0,4.0,4.0,5.0,4.0,5.0,3.0,4.0,4.0,5.0,5.0,5.0,5.0,5.0,"44,0","3,0",sicologo,3.0,soltero,gh,jefe I,masculino,"2,0","3,4","3,8","3,4","4,2","3,2","3,0","3,2","4,2","4,6","3,8","4,8","3,2","3,6","4,0","4,8","4,2","4,2","4,2","3,6",35-45,1-3,1-3
28,6qoyvs8iumj86qhe6x6ecmgiqwor5yf5,4.0,4.0,5.0,2.0,2.0,4.0,1.0,2.0,4.0,5.0,5.0,2.0,2.0,4.0,5.0,4.0,4.0,4.0,1.0,4.0,3.0,2.0,3.0,3.0,3.0,4.0,3.0,4.0,4.0,3.0,4.0,3.0,5.0,4.0,4.0,5.0,5.0,4.0,4.0,4.0,3.0,5.0,4.0,4.0,4.0,5.0,4.0,5.0,5.0,1.0,1.0,5.0,3.0,5.0,5.0,5.0,3.0,5.0,3.0,4.0,5.0,5.0,5.0,3.0,3.0,4.0,4.0,4.0,4.0,5.0,5.0,5.0,5.0,4.0,4.0,5.0,4.0,4.0,5.0,5.0,5.0,3.0,1.0,4.0,4.0,5.0,5.0,5.0,3.0,5.0,5.0,5.0,5.0,5.0,5.0,"45,0","5,0",ingenieria sistemas,3.0,casado,frontend,analista II,femenino,"2,0","4,2","3,6","3,8","4,0","3,8","3,8","2,6","3,4","4,0","4,6","4,4","3,2","2,8","4,8","4,4","4,6","4,6","4,6","3,6",35-45,1-3,3-5
29,f33yfn2j1zf3327slmwektriopoj9yj2,2.0,4.0,5.0,2.0,2.0,1.0,5.0,4.0,4.0,2.0,5.0,1.0,4.0,4.0,5.0,5.0,5.0,4.0,5.0,3.0,2.0,1.0,3.0,3.0,5.0,1.0,4.0,3.0,4.0,5.0,5.0,3.0,4.0,3.0,4.0,4.0,5.0,3.0,4.0,2.0,5.0,5.0,3.0,5.0,2.0,3.0,3.0,4.0,3.0,5.0,1.0,3.0,2.0,3.0,3.0,3.0,3.0,5.0,2.0,5.0,5.0,4.0,4.0,4.0,4.0,4.0,5.0,5.0,3.0,2.0,4.0,4.0,4.0,4.0,3.0,3.0,5.0,4.0,4.0,5.0,5.0,5.0,3.0,1.0,5.0,1.0,5.0,3.0,3.0,5.0,5.0,4.0,4.0,5.0,4.0,"30,0","5,0",ingenieria industrial,0.0,soltero,analista,analista I,otro,"4,0","3,8","2,8","4,0","4,0","3,4","4,0","3,0","3,2","3,8","3,2","4,6","3,4","2,6","4,0","3,8","4,0","4,0","4,0","3,6",25-35,3-5,3-5
30,ob43j0ucqiut6eakv4pfzqwob43jekbk,4.0,1.0,1.0,2.0,2.0,1.0,5.0,5.0,4.0,2.0,4.0,4.0,5.0,1.0,5.0,5.0,4.0,4.0,1.0,3.0,4.0,2.0,3.0,3.0,2.0,2.0,2.0,3.0,3.0,4.0,4.0,3.0,3.0,3.0,3.0,3.0,3.0,2.0,3.0,3.0,2.0,4.0,4.0,4.0,4.0,4.0,2.0,2.0,3.0,4.0,1.0,4.0,3.0,4.0,2.0,4.0,4.0,4.0,4.0,3.0,3.0,4.0,4.0,4.0,3.0,3.0,3.0,3.0,3.0,3.0,3.0,3.0,3.0,3.0,3.0,3.0,4.0,3.0,3.0,3.0,2.0,3.0,3.0,3.0,3.0,3.0,3.0,5.0,3.0,5.0,5.0,5.0,3.0,3.0,3.0,"23,0","2,0",ingenieria sistemas,0.0,casado,backend,analista I,masculino,"2,0","3,6","3,0","2,2","3,0","3,0","2,8","3,6","3,4","3,0","2,6","3,4","4,0","3,0","3,2","3,8","4,0","3,0","3,4","2,6",18-25,1-3,1-3
31,fl9k5rad7gfo5utfl9k5vd102u24bzqk,2.0,4.0,5.0,5.0,5.0,4.0,1.0,5.0,4.0,2.0,4.0,4.0,4.0,5.0,5.0,1.0,5.0,4.0,5.0,4.0,3.0,3.0,4.0,4.0,4.0,4.0,4.0,3.0,5.0,4.0,4.0,3.0,3.0,3.0,4.0,4.0,3.0,3.0,4.0,4.0,4.0,4.0,4.0,4.0,4.0,4.0,4.0,4.0,4.0,2.0,3.0,5.0,3.0,3.0,4.0,3.0,3.0,4.0,4.0,4.0,5.0,5.0,4.0,3.0,3.0,3.0,3.0,4.0,4.0,4.0,5.0,4.0,3.0,4.0,5.0,3.0,3.0,4.0,2.0,5.0,2.0,4.0,4.0,4.0,3.0,1.0,5.0,3.0,4.0,2.0,2.0,2.0,4.0,5.0,5.0,"32,0","6,0",ingenieria electrica,2.0,soltero,soporte,jefe I,femenino,"4,0","3,4","3,8","3,6","4,6","4,0","4,0","3,2","4,0","3,4","3,0","4,2","3,4","3,6","4,0","3,4","2,6","4,2","4,0","3,8",25-35,3-5,5-8
32,nj9eib5qxl7lyvwenj959a6p6isbof7f,4.0,2.0,5.0,2.0,2.0,5.0,5.0,5.0,4.0,4.0,4.0,4.0,4.0,4.0,5.0,5.0,5.0,4.0,5.0,4.0,4.0,3.0,5.0,5.0,4.0,4.0,3.0,4.0,4.0,5.0,4.0,4.0,4.0,4.0,4.0,4.0,4.0,3.0,4.0,4.0,4.0,5.0,4.0,3.0,3.0,3.0,4.0,4.0,4.0,2.0,4.0,3.0,4.0,3.0,4.0,4.0,4.0,4.0,4.0,3.0,4.0,3.0,3.0,3.0,3.0,4.0,4.0,4.0,4.0,4.0,4.0,4.0,4.0,3.0,3.0,4.0,4.0,4.0,4.0,4.0,2.0,4.0,4.0,3.0,4.0,4.0,2.0,2.0,4.0,5.0,5.0,5.0,4.0,4.0,4.0,"44,0","6,0",sicologo,1.0,casado,gh,jefe I,otro,"1,0","4,0","3,6","3,8","4,0","3,2","3,8","3,8","3,4","4,0","4,0","3,8","3,2","4,0","4,0","4,4","4,2","4,0","3,8","4,0",35-45,0-1,5-8
33,q8jv14xd81vqrlqqwxq8jvzcz1n5bvo3,5.0,5.0,4.0,2.0,2.0,5.0,4.0,5.0,2.0,2.0,5.0,4.0,4.0,4.0,5.0,4.0,5.0,2.0,5.0,4.0,4.0,3.0,4.0,5.0,4.0,4.0,5.0,4.0,5.0,5.0,4.0,4.0,4.0,3.0,4.0,4.0,4.0,4.0,4.0,4.0,3.0,4.0,3.0,4.0,4.0,3.0,3.0,4.0,4.0,2.0,5.0,5.0,3.0,3.0,3.0,5.0,4.0,5.0,4.0,4.0,5.0,4.0,4.0,5.0,4.0,4.0,4.0,4.0,4.0,5.0,5.0,4.0,4.0,3.0,4.0,4.0,5.0,5.0,4.0,4.0,5.0,4.0,3.0,4.0,4.0,4.0,2.0,5.0,4.0,5.0,5.0,5.0,4.0,3.0,4.0,"24,0","3,0",ingenieria sistemas,1.0,soltero,frontend,analista I,masculino,"4,0","4,6","4,4","3,6","3,8","3,8","4,2","4,0","4,2","3,4","3,8","4,0","3,8","4,4","4,6","4,0","4,0","3,8","3,6","4,2",18-25,3-5,1-3
34,decspnb0qeyv5rtmeujdecspnbnp6sz5,4.0,2.0,2.0,2.0,2.0,5.0,2.0,4.0,4.0,4.0,4.0,2.0,5.0,1.0,5.0,1.0,2.0,2.0,5.0,3.0,4.0,3.0,3.0,3.0,5.0,4.0,4.0,4.0,5.0,4.0,4.0,5.0,4.0,4.0,5.0,4.0,3.0,4.0,4.0,5.0,4.0,5.0,5.0,4.0,4.0,4.0,4.0,4.0,5.0,2.0,4.0,5.0,4.0,4.0,2.0,4.0,3.0,5.0,5.0,4.0,5.0,5.0,5.0,5.0,4.0,5.0,5.0,4.0,4.0,4.0,5.0,4.0,4.0,4.0,4.0,5.0,4.0,5.0,4.0,5.0,5.0,4.0,1.0,5.0,5.0,3.0,5.0,2.0,5.0,5.0,5.0,5.0,4.0,5.0,4.0,"25,0","1,0",ingenieria industrial,1.0,casado,analista,analista III,femenino,"3,0","4,0","4,2","3,4","4,0","4,0","4,6","3,2","4,2","4,4","4,2","4,4","2,8","4,6","4,0","4,4","3,8","3,2","3,6","4,2",18-25,1-3,0-1
35,swyqnzkhbqizyn42ltxswyqnzkhomax5,4.0,5.0,5.0,5.0,2.0,4.0,5.0,5.0,5.0,5.0,5.0,4.0,5.0,4.0,5.0,2.0,5.0,5.0,5.0,5.0,5.0,5.0,5.0,4.0,5.0,5.0,4.0,5.0,5.0,5.0,5.0,5.0,5.0,5.0,5.0,5.0,5.0,5.0,5.0,5.0,5.0,5.0,5.0,5.0,5.0,5.0,5.0,5.0,5.0,5.0,5.0,5.0,5.0,5.0,5.0,4.0,5.0,5.0,5.0,5.0,5.0,5.0,5.0,5.0,5.0,5.0,5.0,5.0,5.0,5.0,5.0,5.0,5.0,5.0,5.0,5.0,5.0,5.0,5.0,5.0,5.0,5.0,1.0,5.0,5.0,4.0,5.0,5.0,5.0,5.0,5.0,5.0,5.0,5.0,5.0,"20,0","4,0",ingenieria sistemas,2.0,soltero,backend,jefe II,otro,"3,0","4,8","5,0","5,0","5,0","4,2","4,8","4,2","4,8","5,0","4,8","5,0","4,8","5,0","4,8","5,0","4,4","5,0","4,8","5,0",18-25,1-3,3-5
36,0aun3yamchny0a0m2kzgk4x0a1bt00m2,4.0,2.0,4.0,2.0,5.0,5.0,5.0,2.0,1.0,2.0,5.0,5.0,4.0,4.0,5.0,2.0,5.0,4.0,5.0,2.0,1.0,1.0,1.0,1.0,2.0,2.0,1.0,2.0,3.0,2.0,3.0,1.0,3.0,3.0,2.0,1.0,2.0,1.0,1.0,3.0,1.0,4.0,2.0,3.0,2.0,2.0,1.0,1.0,2.0,4.0,4.0,4.0,1.0,3.0,2.0,3.0,3.0,4.0,1.0,2.0,3.0,3.0,2.0,3.0,1.0,1.0,1.0,2.0,2.0,2.0,3.0,2.0,2.0,1.0,2.0,2.0,2.0,2.0,3.0,2.0,4.0,1.0,2.0,1.0,1.0,1.0,5.0,5.0,2.0,4.0,3.0,5.0,2.0,2.0,5.0,"27,0","1,0",ingenieria electrica,0.0,casado,soporte,analista II,masculino,"1,0","2,6","1,8","2,2","2,4","3,0","2,6","2,8","1,4","1,2","1,6","3,2","3,8","2,6","3,6","2,8","2,8","2,2","2,6","3,2",25-35,0-1,0-1
37,nny028a5mzde88glxy5dnny028nah63j,2.0,2.0,2.0,2.0,2.0,2.0,2.0,2.0,4.0,2.0,5.0,4.0,4.0,4.0,5.0,5.0,5.0,4.0,5.0,4.0,4.0,1.0,5.0,4.0,5.0,5.0,5.0,5.0,4.0,5.0,5.0,5.0,4.0,3.0,5.0,3.0,5.0,3.0,4.0,4.0,3.0,5.0,4.0,4.0,4.0,4.0,5.0,3.0,4.0,2.0,5.0,5.0,4.0,4.0,5.0,5.0,4.0,3.0,3.0,3.0,4.0,4.0,4.0,3.0,3.0,4.0,5.0,3.0,3.0,3.0,5.0,4.0,5.0,3.0,3.0,4.0,3.0,4.0,4.0,3.0,5.0,4.0,3.0,3.0,5.0,2.0,5.0,5.0,3.0,5.0,5.0,5.0,4.0,4.0,4.0,"32,0","6,0",sicologo,3.0,soltero,gh,analista III,femenino,"2,0","3,2","3,4","2,6","3,8","3,8","3,8","3,4","3,4","4,6","3,2","4,4","3,8","4,0","4,6","4,2","4,8","4,0","4,2","4,0",25-35,1-3,5-8
38,3d8v4e8ftfqn239le23d8v4epwjz2278,5.0,2.0,2.0,2.0,2.0,2.0,2.0,4.0,2.0,2.0,4.0,2.0,4.0,2.0,4.0,5.0,4.0,2.0,5.0,3.0,2.0,3.0,3.0,1.0,4.0,1.0,2.0,2.0,1.0,1.0,1.0,4.0,5.0,5.0,2.0,4.0,4.0,3.0,3.0,5.0,3.0,4.0,5.0,4.0,5.0,5.0,3.0,1.0,4.0,2.0,4.0,5.0,4.0,4.0,3.0,1.0,4.0,4.0,4.0,4.0,4.0,4.0,4.0,4.0,4.0,3.0,5.0,4.0,4.0,4.0,4.0,4.0,4.0,4.0,4.0,4.0,5.0,4.0,4.0,4.0,2.0,4.0,4.0,4.0,4.0,4.0,2.0,2.0,4.0,2.0,2.0,2.0,4.0,4.0,4.0,"39,0","6,0",ingenieria sistemas,1.0,casado,frontend,analista III,otro,"4,0","4,0","3,4","3,2","3,4","2,8","3,6","3,2","3,8","2,8","2,6","3,0","2,2","4,0","3,6","3,8","3,4","3,8","3,0","4,0",35-45,3-5,5-8
39,ri1z4lwdbl8ts7085ori1z4qgn9kxj95,2.0,5.0,5.0,4.0,5.0,5.0,5.0,5.0,5.0,2.0,4.0,4.0,5.0,2.0,5.0,5.0,5.0,2.0,5.0,5.0,4.0,5.0,5.0,5.0,5.0,4.0,4.0,5.0,3.0,5.0,5.0,4.0,5.0,4.0,4.0,5.0,5.0,5.0,5.0,5.0,5.0,5.0,4.0,3.0,4.0,4.0,4.0,3.0,5.0,3.0,4.0,5.0,4.0,5.0,4.0,4.0,4.0,5.0,3.0,5.0,5.0,4.0,3.0,5.0,5.0,5.0,5.0,4.0,3.0,3.0,5.0,4.0,4.0,3.0,5.0,3.0,5.0,4.0,2.0,5.0,5.0,5.0,3.0,5.0,5.0,3.0,5.0,3.0,3.0,5.0,5.0,5.0,4.0,3.0,4.0,"26,0","6,0",ingenieria industrial,3.0,soltero,analista,analista II,masculino,"3,0","4,4","4,2","4,4","4,8","4,6","4,2","4,2","4,6","4,8","3,2","4,6","3,6","3,8","4,4","4,4","4,6","4,2","3,8","4,2",25-35,1-3,5-8
40,2u1d4lb5e584xftr2u05m4ei9t9xq1or,4.0,2.0,5.0,2.0,2.0,2.0,1.0,5.0,4.0,2.0,4.0,4.0,4.0,4.0,1.0,2.0,2.0,4.0,5.0,4.0,3.0,5.0,5.0,4.0,5.0,5.0,5.0,4.0,5.0,4.0,5.0,4.0,5.0,5.0,4.0,3.0,5.0,5.0,4.0,4.0,3.0,5.0,3.0,4.0,4.0,3.0,5.0,5.0,5.0,2.0,1.0,5.0,3.0,5.0,5.0,5.0,5.0,5.0,3.0,5.0,5.0,5.0,5.0,3.0,4.0,4.0,5.0,4.0,3.0,4.0,5.0,5.0,4.0,5.0,5.0,4.0,5.0,4.0,4.0,5.0,5.0,5.0,1.0,3.0,4.0,4.0,5.0,5.0,5.0,5.0,5.0,5.0,5.0,5.0,5.0,"45,0","4,0",ingenieria sistemas,3.0,casado,backend,analista II,femenino,"3,0","4,4","3,2","4,4","4,4","3,8","4,2","2,8","4,0","4,2","4,2","4,4","3,8","3,6","4,8","3,8","4,0","4,0","4,8","4,8",35-45,1-3,3-5
41,chytwzd5mc09lvbgn1chytwglegywk9b,2.0,1.0,2.0,2.0,2.0,2.0,1.0,4.0,4.0,5.0,5.0,5.0,4.0,2.0,5.0,2.0,2.0,4.0,5.0,3.0,3.0,3.0,5.0,5.0,3.0,5.0,5.0,5.0,5.0,5.0,5.0,5.0,4.0,5.0,5.0,4.0,4.0,5.0,5.0,2.0,2.0,5.0,5.0,5.0,5.0,5.0,5.0,5.0,5.0,2.0,5.0,2.0,4.0,4.0,5.0,4.0,4.0,5.0,5.0,5.0,5.0,5.0,4.0,4.0,3.0,5.0,5.0,4.0,5.0,5.0,5.0,4.0,5.0,2.0,1.0,5.0,5.0,3.0,4.0,5.0,5.0,4.0,3.0,3.0,4.0,2.0,5.0,5.0,5.0,5.0,5.0,5.0,4.0,5.0,5.0,"44,0","4,0",ingenieria electrica,0.0,soltero,soporte,analista I,otro,"1,0","4,0","2,8","3,2","4,4","4,4","3,6","3,6","4,0","4,6","4,4","4,8","4,4","4,8","3,6","4,6","4,2","3,4","3,6","4,8",35-45,0-1,3-5
42,b7in4jk7swzgxfpbybwb7in3giq4nl8b,2.0,2.0,1.0,2.0,2.0,1.0,2.0,1.0,2.0,2.0,4.0,2.0,4.0,5.0,1.0,1.0,2.0,2.0,1.0,3.0,4.0,3.0,5.0,3.0,4.0,3.0,2.0,2.0,1.0,5.0,5.0,4.0,4.0,3.0,5.0,1.0,5.0,4.0,4.0,4.0,4.0,5.0,4.0,5.0,5.0,2.0,4.0,2.0,4.0,5.0,4.0,5.0,2.0,5.0,3.0,5.0,4.0,5.0,5.0,5.0,5.0,5.0,5.0,3.0,4.0,4.0,4.0,3.0,4.0,5.0,4.0,4.0,4.0,4.0,5.0,5.0,5.0,4.0,3.0,5.0,5.0,4.0,2.0,4.0,5.0,4.0,4.0,4.0,4.0,2.0,4.0,5.0,4.0,4.0,5.0,"41,0","1,0",sicologo,4.0,casado,gh,jefe II,masculino,"2,0","3,8","3,8","3,2","4,4","3,8","3,8","3,0","2,6","3,4","2,6","4,0","4,0","4,2","4,0","2,8","4,0","2,8","4,2","3,8",35-45,1-3,0-1
43,tk24wigv3eg4stk2470w2hljssvi8ugp,1.0,1.0,2.0,2.0,2.0,1.0,1.0,5.0,4.0,2.0,4.0,2.0,4.0,1.0,5.0,1.0,4.0,4.0,1.0,3.0,3.0,3.0,5.0,4.0,3.0,4.0,5.0,5.0,3.0,4.0,3.0,4.0,2.0,3.0,5.0,2.0,4.0,3.0,4.0,4.0,4.0,5.0,4.0,4.0,3.0,4.0,5.0,3.0,4.0,5.0,4.0,3.0,4.0,4.0,4.0,5.0,4.0,4.0,4.0,4.0,5.0,5.0,4.0,2.0,3.0,5.0,3.0,4.0,4.0,5.0,5.0,4.0,4.0,3.0,4.0,4.0,3.0,4.0,4.0,5.0,5.0,3.0,3.0,4.0,4.0,5.0,5.0,2.0,5.0,5.0,5.0,5.0,4.0,5.0,5.0,"32,0","2,0",ingenieria sistemas,3.0,soltero,frontend,analista III,femenino,"4,0","3,0","3,2","3,4","4,4","4,0","3,0","2,6","4,2","4,6","3,2","4,2","3,2","4,4","3,2","4,2","3,8","3,4","4,4","3,4",25-35,3-5,1-3
44,aijzrw93lclfh1bfthm7jaijzrdrcogu,4.0,1.0,2.0,2.0,2.0,5.0,1.0,5.0,4.0,2.0,4.0,2.0,5.0,1.0,5.0,1.0,4.0,4.0,5.0,3.0,3.0,3.0,5.0,5.0,5.0,3.0,4.0,4.0,3.0,4.0,3.0,4.0,2.0,3.0,5.0,1.0,4.0,3.0,3.0,4.0,3.0,5.0,4.0,4.0,4.0,4.0,5.0,3.0,3.0,5.0,4.0,3.0,4.0,4.0,4.0,4.0,4.0,4.0,4.0,4.0,4.0,5.0,4.0,3.0,3.0,5.0,4.0,4.0,4.0,5.0,5.0,4.0,4.0,3.0,5.0,5.0,4.0,4.0,4.0,5.0,5.0,3.0,3.0,4.0,4.0,5.0,5.0,3.0,4.0,5.0,5.0,5.0,4.0,4.0,5.0,"25,0","3,0",ingenieria industrial,0.0,casado,analista,analista III,otro,"3,0","3,6","3,2","3,2","4,2","4,2","4,2","2,8","4,0","4,4","3,4","4,0","3,4","4,4","3,2","4,2","3,8","3,2","4,2","4,4",18-25,1-3,1-3
45,f2t54lknkpx22ck7ag0f2t54ltuiuqyd,4.0,1.0,2.0,2.0,2.0,1.0,1.0,5.0,4.0,2.0,5.0,2.0,4.0,4.0,5.0,5.0,4.0,4.0,1.0,4.0,3.0,3.0,5.0,4.0,4.0,4.0,5.0,4.0,4.0,5.0,4.0,5.0,2.0,3.0,4.0,1.0,4.0,4.0,5.0,4.0,3.0,5.0,5.0,4.0,4.0,4.0,5.0,4.0,4.0,5.0,5.0,3.0,4.0,5.0,5.0,5.0,4.0,4.0,4.0,4.0,4.0,4.0,4.0,4.0,5.0,5.0,4.0,4.0,4.0,5.0,5.0,4.0,5.0,4.0,5.0,4.0,5.0,3.0,3.0,5.0,5.0,3.0,1.0,4.0,5.0,4.0,5.0,1.0,4.0,5.0,5.0,5.0,4.0,5.0,5.0,"38,0","1,0",ingenieria sistemas,3.0,soltero,backend,analista II,masculino,"1,0","4,4","3,0","3,0","4,2","4,0","3,2","2,8","4,6","4,6","3,6","4,6","3,2","4,6","3,8","4,2","4,8","3,6","4,6","3,6",35-45,0-1,0-1
46,zidt5d3wfvsv8hzidmgmcu2su3bi7zvy,2.0,1.0,2.0,5.0,2.0,1.0,1.0,2.0,2.0,2.0,5.0,4.0,4.0,2.0,1.0,2.0,2.0,2.0,5.0,5.0,2.0,5.0,3.0,2.0,4.0,5.0,5.0,3.0,3.0,3.0,5.0,3.0,5.0,4.0,4.0,5.0,4.0,4.0,4.0,1.0,3.0,5.0,4.0,3.0,3.0,3.0,4.0,4.0,4.0,2.0,3.0,3.0,3.0,1.0,4.0,5.0,4.0,3.0,2.0,5.0,4.0,4.0,2.0,3.0,3.0,4.0,4.0,2.0,2.0,2.0,4.0,3.0,3.0,2.0,3.0,4.0,2.0,3.0,3.0,4.0,5.0,3.0,3.0,3.0,3.0,2.0,4.0,3.0,4.0,5.0,4.0,4.0,3.0,5.0,5.0,"28,0","5,0",ingenieria electrica,4.0,casado,soporte,jefe I,femenino,"1,0","3,2","1,8","3,6","4,2","3,4","2,6","3,0","3,2","3,2","3,0","3,6","3,2","3,2","3,8","3,0","2,8","3,2","3,8","4,4",25-35,0-1,3-5
47,fp3rgkthblrl3fpb1xbpnpma3nx61ijo,4.0,5.0,1.0,2.0,2.0,4.0,1.0,5.0,5.0,4.0,4.0,4.0,4.0,4.0,2.0,5.0,5.0,5.0,5.0,3.0,5.0,1.0,5.0,5.0,5.0,3.0,5.0,5.0,5.0,5.0,5.0,5.0,5.0,5.0,5.0,5.0,5.0,3.0,2.0,5.0,3.0,5.0,4.0,3.0,2.0,5.0,3.0,2.0,3.0,5.0,1.0,5.0,2.0,4.0,3.0,1.0,3.0,3.0,3.0,5.0,5.0,4.0,3.0,2.0,3.0,5.0,4.0,2.0,2.0,2.0,5.0,4.0,3.0,2.0,1.0,2.0,5.0,3.0,3.0,5.0,3.0,4.0,3.0,4.0,4.0,1.0,5.0,5.0,4.0,5.0,5.0,4.0,3.0,3.0,4.0,"35,0","3,0",sicologo,4.0,soltero,gh,analista I,otro,"4,0","3,4","4,2","2,6","4,4","3,6","3,8","2,2","4,4","4,4","3,2","3,8","4,2","3,2","4,8","3,6","4,2","3,6","3,0","3,4",25-35,3-5,1-3
48,xu5sv0zoj2vd1wccqn4u8vxu5sv0zhbd,2.0,2.0,1.0,2.0,5.0,1.0,5.0,4.0,1.0,4.0,2.0,5.0,5.0,1.0,5.0,1.0,5.0,2.0,5.0,4.0,3.0,1.0,2.0,3.0,4.0,3.0,2.0,3.0,3.0,3.0,3.0,2.0,1.0,4.0,2.0,3.0,4.0,2.0,1.0,1.0,1.0,3.0,4.0,4.0,1.0,4.0,3.0,4.0,3.0,4.0,3.0,4.0,2.0,1.0,4.0,5.0,5.0,3.0,3.0,2.0,5.0,4.0,4.0,5.0,2.0,3.0,2.0,2.0,3.0,2.0,5.0,5.0,4.0,2.0,1.0,4.0,4.0,3.0,3.0,5.0,5.0,2.0,3.0,2.0,3.0,2.0,3.0,5.0,3.0,3.0,3.0,5.0,3.0,4.0,4.0,"29,0","1,0",ingenieria sistemas,4.0,casado,frontend,analista II,masculino,"2,0","2,8","2,4","1,6","3,4","4,2","3,0","3,4","2,8","2,6","3,0","2,6","4,0","3,0","2,8","3,8","2,6","3,4","3,2","4,0",25-35,1-3,0-1
49,hl5hd2s3n9voyevvzhl5hdqzkf42ua9b,1.0,4.0,5.0,1.0,2.0,2.0,2.0,5.0,4.0,5.0,4.0,4.0,4.0,4.0,5.0,1.0,4.0,1.0,1.0,4.0,5.0,5.0,5.0,5.0,5.0,5.0,5.0,4.0,5.0,5.0,5.0,5.0,3.0,5.0,5.0,3.0,5.0,5.0,5.0,5.0,3.0,5.0,5.0,4.0,4.0,5.0,5.0,5.0,5.0,1.0,3.0,3.0,5.0,5.0,5.0,5.0,3.0,3.0,5.0,4.0,4.0,5.0,3.0,3.0,4.0,4.0,4.0,4.0,5.0,5.0,5.0,4.0,4.0,4.0,5.0,4.0,4.0,4.0,4.0,4.0,2.0,4.0,4.0,4.0,4.0,4.0,2.0,2.0,4.0,2.0,2.0,2.0,4.0,4.0,5.0,"34,0","3,0",ingenieria industrial,1.0,soltero,analista,analista I,femenino,"3,0","3,4","4,6","4,2","3,8","3,8","3,6","3,6","4,6","4,2","4,6","4,0","3,4","4,2","3,4","4,2","3,4","4,0","4,0","3,6",25-35,1-3,1-3
50,o89n5bundaxjitqa3fw2o89n5xgw1ikh,4.0,4.0,5.0,2.0,2.0,5.0,4.0,5.0,1.0,2.0,4.0,2.0,4.0,4.0,5.0,1.0,4.0,4.0,1.0,3.0,2.0,1.0,2.0,2.0,3.0,3.0,3.0,3.0,3.0,3.0,3.0,2.0,3.0,3.0,3.0,3.0,3.0,3.0,2.0,3.0,1.0,5.0,3.0,4.0,3.0,3.0,3.0,3.0,3.0,3.0,3.0,5.0,3.0,3.0,3.0,5.0,3.0,4.0,2.0,3.0,3.0,3.0,2.0,2.0,3.0,4.0,3.0,3.0,3.0,3.0,4.0,4.0,4.0,3.0,3.0,4.0,4.0,4.0,4.0,4.0,5.0,3.0,3.0,3.0,4.0,3.0,5.0,5.0,4.0,5.0,5.0,5.0,4.0,4.0,4.0,"42,0","4,0",ingenieria sistemas,2.0,casado,backend,jefe II,otro,"4,0","3,4","3,0","2,8","3,2","3,0","3,4","3,0","3,4","3,0","2,8","3,6","3,2","3,2","4,2","4,0","3,2","3,4","3,8","3,0",35-45,3-5,3-5
51,tz6toahqc7k19iqothc468dtz6toa7va,2.0,2.0,5.0,2.0,2.0,5.0,2.0,5.0,4.0,5.0,4.0,4.0,5.0,4.0,5.0,5.0,5.0,4.0,5.0,3.0,3.0,3.0,5.0,4.0,3.0,5.0,5.0,4.0,5.0,5.0,5.0,5.0,5.0,5.0,5.0,3.0,5.0,4.0,4.0,5.0,3.0,5.0,5.0,5.0,5.0,5.0,5.0,5.0,5.0,5.0,5.0,5.0,1.0,5.0,5.0,5.0,5.0,5.0,4.0,5.0,5.0,5.0,5.0,5.0,5.0,5.0,5.0,5.0,5.0,5.0,5.0,5.0,5.0,5.0,5.0,5.0,5.0,4.0,5.0,5.0,5.0,5.0,1.0,1.0,5.0,5.0,5.0,5.0,5.0,5.0,5.0,5.0,5.0,5.0,5.0,"42,0","1,0",ingenieria electrica,3.0,soltero,soporte,analista I,masculino,"4,0","3,8","3,6","4,2","4,4","4,2","4,6","3,6","4,2","4,6","5,0","4,8","4,8","5,0","4,8","4,2","5,0","4,6","4,8","4,8",35-45,3-5,0-1
52,dl5aex87klt8ai2c1odl5hogs2plwghh,2.0,4.0,1.0,2.0,2.0,1.0,2.0,5.0,4.0,5.0,5.0,4.0,4.0,1.0,5.0,5.0,4.0,4.0,5.0,4.0,4.0,4.0,5.0,4.0,4.0,5.0,4.0,5.0,4.0,4.0,4.0,4.0,4.0,4.0,4.0,3.0,5.0,5.0,5.0,5.0,4.0,5.0,5.0,4.0,4.0,4.0,5.0,5.0,5.0,4.0,1.0,3.0,5.0,5.0,5.0,5.0,5.0,4.0,5.0,5.0,5.0,5.0,5.0,5.0,4.0,5.0,5.0,5.0,5.0,5.0,5.0,5.0,5.0,4.0,5.0,5.0,5.0,4.0,4.0,4.0,5.0,4.0,1.0,4.0,5.0,5.0,5.0,5.0,4.0,5.0,5.0,5.0,5.0,5.0,5.0,"29,0","5,0",sicologo,0.0,casado,gh,jefe II,femenino,"3,0","4,0","4,4","3,6","4,2","4,2","3,6","3,4","4,2","4,8","4,8","4,8","4,4","3,6","3,6","4,8","4,8","4,2","4,8","5,0",25-35,1-3,3-5
53,ls4vwuu5q02fr8sd2ls4vwu2dvd9loie,2.0,4.0,5.0,5.0,5.0,4.0,5.0,5.0,5.0,2.0,5.0,4.0,5.0,2.0,5.0,1.0,4.0,5.0,5.0,4.0,5.0,5.0,5.0,5.0,5.0,5.0,5.0,5.0,5.0,5.0,5.0,5.0,4.0,5.0,5.0,5.0,5.0,5.0,5.0,5.0,3.0,5.0,5.0,5.0,4.0,5.0,5.0,4.0,5.0,2.0,5.0,5.0,4.0,4.0,5.0,5.0,5.0,5.0,5.0,5.0,5.0,4.0,5.0,5.0,5.0,5.0,5.0,5.0,4.0,5.0,5.0,5.0,4.0,5.0,1.0,4.0,4.0,4.0,4.0,5.0,5.0,5.0,3.0,2.0,5.0,5.0,5.0,3.0,4.0,3.0,2.0,5.0,5.0,5.0,5.0,"41,0","4,0",ingenieria sistemas,2.0,soltero,frontend,analista III,otro,"2,0","4,0","4,6","4,4","5,0","4,8","4,8","4,4","4,4","5,0","4,2","5,0","3,6","4,8","3,8","4,2","3,8","4,8","4,2","4,8",35-45,1-3,3-5
54,y4pivmr8wipyh93sy4pivl776fkts5pe,4.0,5.0,5.0,2.0,4.0,5.0,4.0,5.0,2.0,5.0,5.0,2.0,4.0,5.0,5.0,5.0,4.0,5.0,1.0,3.0,5.0,4.0,3.0,4.0,4.0,4.0,5.0,5.0,3.0,5.0,5.0,5.0,5.0,4.0,5.0,5.0,5.0,3.0,5.0,5.0,5.0,5.0,5.0,5.0,5.0,5.0,5.0,4.0,4.0,3.0,1.0,5.0,4.0,5.0,5.0,5.0,5.0,5.0,5.0,5.0,5.0,5.0,5.0,5.0,5.0,5.0,5.0,5.0,5.0,5.0,5.0,5.0,5.0,5.0,5.0,5.0,5.0,5.0,4.0,5.0,5.0,3.0,3.0,4.0,5.0,5.0,5.0,5.0,5.0,5.0,5.0,5.0,5.0,5.0,5.0,"28,0","5,0",ingenieria industrial,4.0,casado,analista,analista III,masculino,"3,0","4,4","5,0","4,6","4,0","4,6","4,4","4,2","4,8","4,4","4,4","4,8","4,0","4,0","5,0","4,6","5,0","4,8","5,0","3,8",25-35,1-3,3-5
55,syeql32khf7oqhusyeql3ewferu4pp7x,5.0,2.0,5.0,2.0,5.0,4.0,5.0,5.0,5.0,2.0,1.0,5.0,4.0,1.0,5.0,5.0,2.0,4.0,5.0,3.0,4.0,3.0,5.0,3.0,3.0,4.0,5.0,4.0,4.0,5.0,5.0,4.0,3.0,2.0,4.0,2.0,3.0,3.0,3.0,3.0,3.0,5.0,4.0,3.0,3.0,3.0,4.0,4.0,4.0,5.0,1.0,5.0,3.0,3.0,4.0,5.0,3.0,3.0,3.0,4.0,4.0,3.0,3.0,3.0,3.0,4.0,2.0,3.0,3.0,3.0,4.0,2.0,3.0,3.0,3.0,3.0,4.0,2.0,2.0,3.0,5.0,5.0,3.0,3.0,3.0,2.0,5.0,4.0,4.0,3.0,3.0,4.0,3.0,4.0,4.0,"30,0","5,0",ingenieria sistemas,4.0,soltero,backend,jefe I,femenino,"3,0","3,6","2,8","3,4","3,8","4,0","3,6","3,6","3,8","4,0","2,8","3,6","4,4","3,2","3,2","3,0","3,8","2,8","3,8","3,6",25-35,1-3,3-5
56,8a73jnztcdtro8kka8a73j5emcod9q4q,1.0,5.0,1.0,2.0,2.0,1.0,2.0,5.0,4.0,5.0,5.0,4.0,5.0,4.0,5.0,1.0,5.0,4.0,5.0,3.0,3.0,4.0,5.0,5.0,3.0,4.0,5.0,4.0,3.0,5.0,5.0,4.0,4.0,5.0,5.0,3.0,4.0,4.0,4.0,5.0,4.0,5.0,4.0,5.0,3.0,4.0,5.0,5.0,4.0,5.0,4.0,5.0,3.0,4.0,4.0,5.0,5.0,5.0,4.0,4.0,5.0,4.0,3.0,3.0,5.0,5.0,5.0,4.0,3.0,5.0,5.0,4.0,5.0,3.0,4.0,4.0,5.0,4.0,4.0,5.0,5.0,4.0,1.0,1.0,4.0,3.0,5.0,5.0,4.0,4.0,5.0,4.0,3.0,4.0,4.0,"34,0","6,0",ingenieria electrica,0.0,casado,soporte,jefe II,otro,"1,0","3,6","4,2","3,4","4,4","4,0","3,2","2,6","4,0","4,4","4,2","4,6","4,4","4,4","4,4","4,4","3,8","3,6","4,2","4,4",25-35,0-1,5-8
57,m45d3tpopofru3jsipz14wnm45d3tpol,2.0,4.0,1.0,2.0,4.0,4.0,2.0,5.0,2.0,5.0,4.0,4.0,4.0,2.0,5.0,5.0,1.0,1.0,1.0,3.0,3.0,1.0,4.0,2.0,4.0,5.0,3.0,4.0,5.0,5.0,4.0,3.0,5.0,4.0,4.0,2.0,3.0,2.0,2.0,4.0,1.0,5.0,3.0,5.0,2.0,3.0,4.0,5.0,4.0,4.0,3.0,4.0,2.0,4.0,4.0,5.0,3.0,4.0,3.0,2.0,4.0,4.0,3.0,3.0,2.0,4.0,4.0,2.0,4.0,4.0,2.0,2.0,2.0,2.0,3.0,3.0,3.0,2.0,2.0,4.0,5.0,4.0,2.0,4.0,3.0,4.0,3.0,4.0,4.0,4.0,4.0,4.0,3.0,4.0,4.0,"36,0","5,0",sicologo,4.0,soltero,gh,jefe I,masculino,"3,0","2,8","3,2","1,4","3,8","3,6","4,0","2,8","3,4","3,4","4,6","3,6","4,0","3,6","3,4","3,4","3,8","2,4","3,2","2,6",35-45,1-3,3-5
58,8ovi51x1bwfzr9s20hn2g8ovi5tr7jop,1.0,2.0,5.0,5.0,5.0,5.0,4.0,5.0,4.0,4.0,5.0,4.0,5.0,5.0,5.0,1.0,5.0,5.0,5.0,4.0,4.0,3.0,4.0,5.0,5.0,3.0,3.0,4.0,5.0,4.0,4.0,4.0,4.0,4.0,4.0,4.0,5.0,4.0,4.0,5.0,4.0,4.0,5.0,4.0,4.0,4.0,4.0,3.0,4.0,3.0,4.0,3.0,4.0,5.0,4.0,4.0,4.0,4.0,4.0,4.0,5.0,5.0,4.0,4.0,3.0,4.0,5.0,4.0,4.0,4.0,5.0,4.0,4.0,4.0,5.0,4.0,4.0,5.0,4.0,5.0,2.0,4.0,3.0,3.0,4.0,3.0,5.0,5.0,4.0,5.0,5.0,5.0,3.0,4.0,4.0,"22,0","2,0",ingenieria sistemas,2.0,casado,frontend,jefe II,femenino,"2,0","3,4","4,0","4,0","4,6","4,4","4,4","3,6","3,6","4,0","4,0","4,4","4,0","4,2","4,4","4,4","3,8","4,0","4,6","4,2",18-25,1-3,1-3
59,o57htf72zrxtq7w49l7two57htfq9nx1,1.0,2.0,5.0,1.0,2.0,5.0,5.0,4.0,1.0,2.0,1.0,4.0,4.0,5.0,5.0,1.0,1.0,4.0,1.0,3.0,3.0,1.0,1.0,3.0,3.0,1.0,1.0,1.0,2.0,2.0,2.0,3.0,5.0,3.0,1.0,2.0,4.0,1.0,3.0,5.0,1.0,3.0,4.0,4.0,4.0,4.0,1.0,2.0,2.0,2.0,4.0,5.0,3.0,3.0,2.0,1.0,3.0,4.0,2.0,3.0,5.0,4.0,4.0,4.0,4.0,4.0,2.0,2.0,3.0,4.0,5.0,4.0,3.0,2.0,4.0,5.0,3.0,2.0,2.0,5.0,5.0,4.0,3.0,3.0,4.0,1.0,3.0,2.0,4.0,3.0,5.0,5.0,5.0,5.0,5.0,"36,0","3,0",ingenieria industrial,0.0,soltero,analista,analista II,otro,"1,0","2,8","2,8","2,4","3,0","3,6","4,0","3,4","3,2","2,2","1,8","2,0","2,6","3,8","4,6","4,0","2,6","2,4","3,6","3,0",35-45,0-1,1-3
60,1u4co82nfnuswpois1u4cchq1u2glkk4,5.0,4.0,5.0,4.0,2.0,4.0,5.0,1.0,4.0,5.0,5.0,4.0,4.0,2.0,5.0,2.0,4.0,4.0,1.0,3.0,5.0,3.0,5.0,4.0,3.0,3.0,5.0,4.0,3.0,4.0,4.0,5.0,4.0,4.0,5.0,5.0,5.0,4.0,4.0,4.0,4.0,5.0,5.0,5.0,5.0,5.0,5.0,5.0,5.0,5.0,1.0,5.0,3.0,4.0,5.0,3.0,5.0,5.0,4.0,4.0,5.0,4.0,4.0,4.0,5.0,5.0,5.0,5.0,5.0,4.0,5.0,5.0,3.0,5.0,5.0,5.0,5.0,5.0,3.0,4.0,3.0,5.0,1.0,1.0,4.0,4.0,5.0,5.0,4.0,5.0,5.0,5.0,4.0,5.0,5.0,"38,0","5,0",ingenieria sistemas,4.0,casado,backend,jefe II,masculino,"2,0","4,4","4,4","3,8","4,6","3,6","4,2","3,6","3,4","4,4","4,4","4,8","4,6","3,6","4,2","4,4","3,8","4,6","4,4","4,0",35-45,1-3,3-5
61,8oistajse95k3ti2fed8oista7vrqt7d,2.0,4.0,1.0,2.0,4.0,2.0,5.0,1.0,1.0,2.0,1.0,2.0,2.0,4.0,5.0,1.0,2.0,1.0,1.0,3.0,2.0,3.0,4.0,5.0,4.0,5.0,5.0,3.0,4.0,5.0,5.0,4.0,4.0,4.0,4.0,3.0,5.0,3.0,5.0,4.0,5.0,5.0,3.0,5.0,4.0,4.0,4.0,3.0,4.0,3.0,2.0,4.0,3.0,3.0,3.0,5.0,5.0,4.0,2.0,4.0,5.0,3.0,4.0,5.0,5.0,4.0,5.0,4.0,4.0,5.0,3.0,3.0,4.0,4.0,3.0,4.0,3.0,3.0,3.0,4.0,1.0,5.0,3.0,1.0,4.0,4.0,5.0,4.0,5.0,5.0,5.0,4.0,4.0,5.0,5.0,"38,0","5,0",ingenieria electrica,2.0,soltero,soporte,jefe I,femenino,"4,0","3,4","3,0","3,2","4,0","3,2","4,0","4,4","3,2","3,2","3,6","3,8","3,6","3,6","4,0","4,0","3,2","3,2","3,8","3,6",35-45,3-5,3-5
62,zayos6bjg3ab23v1053oxzayos6bztsv,2.0,2.0,1.0,5.0,2.0,5.0,2.0,2.0,4.0,2.0,4.0,5.0,4.0,2.0,5.0,5.0,4.0,4.0,1.0,2.0,4.0,3.0,4.0,5.0,4.0,4.0,4.0,5.0,4.0,4.0,5.0,4.0,2.0,4.0,5.0,5.0,5.0,5.0,5.0,5.0,4.0,5.0,5.0,4.0,5.0,5.0,5.0,5.0,5.0,1.0,4.0,3.0,4.0,5.0,5.0,5.0,4.0,5.0,4.0,4.0,5.0,5.0,5.0,5.0,3.0,5.0,5.0,4.0,4.0,5.0,5.0,5.0,5.0,5.0,5.0,5.0,5.0,5.0,5.0,5.0,5.0,5.0,3.0,4.0,4.0,4.0,5.0,3.0,5.0,1.0,5.0,5.0,5.0,5.0,5.0,"40,0","1,0",sicologo,0.0,casado,gh,analista II,otro,"4,0","3,8","4,0","3,4","4,8","4,4","4,6","3,8","3,6","4,6","4,0","4,4","3,6","4,4","2,6","4,6","5,0","4,8","4,8","4,0",35-45,3-5,0-1
63,t1ca0o57rw6471s5mext1ca0o5o16dcu,1.0,2.0,1.0,2.0,4.0,2.0,2.0,4.0,1.0,2.0,4.0,4.0,5.0,2.0,1.0,2.0,2.0,5.0,1.0,2.0,3.0,1.0,1.0,3.0,4.0,1.0,1.0,2.0,2.0,2.0,2.0,2.0,1.0,5.0,2.0,3.0,5.0,1.0,2.0,2.0,1.0,4.0,5.0,2.0,3.0,2.0,2.0,2.0,3.0,3.0,2.0,4.0,2.0,2.0,2.0,1.0,3.0,5.0,2.0,2.0,5.0,3.0,3.0,2.0,2.0,5.0,2.0,2.0,3.0,3.0,5.0,5.0,3.0,2.0,3.0,3.0,3.0,2.0,3.0,5.0,5.0,2.0,5.0,2.0,5.0,2.0,4.0,3.0,3.0,3.0,4.0,5.0,4.0,4.0,4.0,"28,0","6,0",ingenieria sistemas,2.0,soltero,frontend,jefe II,masculino,"1,0","2,6","2,2","1,6","3,4","4,0","2,6","2,6","2,2","3,0","2,0","3,0","3,0","3,0","3,0","3,4","2,8","2,6","3,6","2,4",25-35,0-1,5-8
64,mb82hk8i1k545ughremb82cqaykyibve,2.0,4.0,1.0,2.0,5.0,4.0,5.0,4.0,1.0,2.0,4.0,1.0,5.0,1.0,1.0,5.0,2.0,2.0,5.0,3.0,2.0,1.0,2.0,5.0,4.0,5.0,3.0,2.0,2.0,5.0,3.0,5.0,1.0,3.0,2.0,3.0,5.0,3.0,2.0,5.0,1.0,5.0,5.0,4.0,5.0,1.0,3.0,4.0,3.0,3.0,3.0,3.0,2.0,2.0,4.0,5.0,4.0,4.0,1.0,4.0,5.0,3.0,2.0,2.0,1.0,2.0,2.0,1.0,3.0,3.0,1.0,3.0,3.0,1.0,3.0,4.0,5.0,1.0,2.0,5.0,5.0,4.0,3.0,1.0,4.0,4.0,1.0,3.0,5.0,5.0,3.0,5.0,3.0,4.0,3.0,"38,0","2,0",ingenieria industrial,4.0,casado,analista,jefe I,femenino,"4,0","3,2","2,6","1,8","3,8","4,6","3,6","4,0","2,0","2,4","2,8","2,8","2,6","4,2","2,2","2,4","3,4","2,6","3,8","3,8",35-45,3-5,1-3
65,g40webd360084tupg4fz6mxbknqqe3zd,1.0,2.0,5.0,2.0,2.0,5.0,2.0,2.0,4.0,2.0,5.0,5.0,4.0,4.0,5.0,1.0,2.0,4.0,5.0,5.0,4.0,2.0,5.0,4.0,4.0,4.0,4.0,4.0,3.0,4.0,4.0,5.0,3.0,3.0,4.0,4.0,4.0,4.0,4.0,3.0,2.0,5.0,4.0,4.0,4.0,4.0,4.0,3.0,4.0,3.0,1.0,5.0,3.0,3.0,4.0,3.0,4.0,4.0,4.0,4.0,4.0,4.0,4.0,4.0,4.0,4.0,4.0,4.0,2.0,5.0,4.0,4.0,4.0,4.0,4.0,4.0,4.0,4.0,4.0,5.0,5.0,4.0,1.0,2.0,4.0,3.0,5.0,4.0,5.0,5.0,5.0,5.0,4.0,4.0,4.0,"44,0","5,0",ingenieria sistemas,3.0,soltero,backend,analista II,otro,"3,0","3,6","3,4","3,4","4,2","3,8","4,2","3,0","3,2","4,0","3,0","4,4","3,6","4,0","4,2","4,0","3,4","3,6","3,8","4,2",35-45,1-3,3-5
66,7kh4ufxrjnvfi347kh4og1edlkemkkes,2.0,2.0,5.0,2.0,4.0,1.0,4.0,5.0,2.0,2.0,1.0,4.0,4.0,4.0,5.0,2.0,5.0,5.0,1.0,4.0,4.0,4.0,3.0,3.0,4.0,4.0,4.0,4.0,4.0,4.0,4.0,4.0,3.0,4.0,4.0,3.0,4.0,3.0,3.0,4.0,3.0,4.0,4.0,4.0,4.0,4.0,4.0,3.0,4.0,5.0,1.0,5.0,3.0,3.0,4.0,3.0,4.0,3.0,4.0,3.0,4.0,4.0,4.0,4.0,4.0,4.0,4.0,3.0,4.0,4.0,4.0,3.0,3.0,3.0,3.0,4.0,3.0,4.0,3.0,4.0,5.0,4.0,3.0,4.0,4.0,3.0,5.0,5.0,4.0,5.0,5.0,5.0,4.0,3.0,4.0,"35,0","3,0",ingenieria electrica,4.0,casado,soporte,analista II,masculino,"4,0","3,0","3,6","3,6","3,4","4,0","3,4","3,8","4,2","3,6","3,2","3,4","4,4","3,4","4,2","4,0","3,4","3,8","3,6","3,2",25-35,3-5,1-3
67,slakrtgssdo9xko0ydfslakrtoiou3og,4.0,5.0,5.0,5.0,2.0,5.0,5.0,5.0,4.0,5.0,5.0,4.0,4.0,4.0,5.0,5.0,5.0,4.0,2.0,5.0,4.0,5.0,5.0,5.0,5.0,5.0,5.0,5.0,5.0,5.0,5.0,3.0,5.0,5.0,5.0,5.0,5.0,5.0,5.0,5.0,5.0,5.0,4.0,3.0,3.0,5.0,5.0,5.0,5.0,3.0,1.0,5.0,3.0,2.0,5.0,5.0,4.0,5.0,5.0,5.0,5.0,5.0,5.0,5.0,5.0,5.0,5.0,5.0,5.0,5.0,5.0,5.0,5.0,5.0,5.0,5.0,5.0,5.0,4.0,5.0,5.0,5.0,4.0,1.0,5.0,5.0,5.0,5.0,5.0,1.0,5.0,5.0,5.0,5.0,5.0,"27,0","3,0",sicologo,0.0,soltero,gh,analista III,femenino,"1,0","4,8","4,8","4,8","5,0","4,2","4,6","4,4","4,2","4,8","5,0","5,0","4,4","3,6","4,0","4,6","4,4","5,0","4,8","4,2",25-35,0-1,1-3
68,afmw9ydbel00p2rlafmw9ydbhh2za2b7,2.0,2.0,4.0,2.0,2.0,1.0,2.0,2.0,2.0,2.0,4.0,4.0,4.0,1.0,5.0,2.0,4.0,1.0,1.0,4.0,4.0,3.0,3.0,5.0,5.0,4.0,3.0,4.0,4.0,4.0,4.0,5.0,4.0,4.0,4.0,3.0,5.0,4.0,4.0,4.0,3.0,5.0,5.0,5.0,4.0,5.0,5.0,3.0,4.0,2.0,5.0,5.0,4.0,5.0,5.0,5.0,5.0,5.0,5.0,5.0,5.0,5.0,4.0,3.0,3.0,5.0,5.0,4.0,3.0,5.0,5.0,4.0,5.0,5.0,4.0,4.0,5.0,4.0,4.0,5.0,5.0,4.0,3.0,3.0,4.0,5.0,5.0,5.0,5.0,5.0,5.0,5.0,5.0,5.0,5.0,"24,0","6,0",ingenieria sistemas,1.0,casado,frontend,analista II,otro,"2,0","4,0","3,8","3,8","4,0","4,4","3,8","3,2","3,2","4,0","3,8","4,2","3,6","4,8","4,0","4,4","4,2","4,4","4,0","3,8",18-25,1-3,5-8
69,imcxo1hofswli70fsimcxonc1sncnie8,5.0,5.0,4.0,2.0,2.0,2.0,5.0,4.0,2.0,2.0,4.0,2.0,5.0,1.0,5.0,1.0,1.0,4.0,2.0,4.0,4.0,2.0,1.0,5.0,5.0,1.0,1.0,2.0,1.0,1.0,1.0,4.0,2.0,3.0,1.0,2.0,5.0,1.0,5.0,4.0,5.0,3.0,4.0,3.0,5.0,1.0,1.0,1.0,3.0,3.0,1.0,5.0,3.0,5.0,3.0,1.0,3.0,5.0,4.0,3.0,5.0,5.0,5.0,4.0,3.0,3.0,2.0,3.0,1.0,4.0,3.0,4.0,4.0,1.0,5.0,4.0,4.0,3.0,3.0,5.0,5.0,3.0,4.0,3.0,1.0,1.0,2.0,3.0,4.0,4.0,3.0,5.0,5.0,5.0,5.0,"29,0","6,0",ingenieria industrial,4.0,soltero,analista,jefe II,masculino,"3,0","4,6","4,0","3,4","3,2","4,2","3,6","3,8","2,4","1,8","1,4","2,6","2,0","3,6","3,0","3,6","3,2","2,4","4,0","3,0",25-35,1-3,5-8
70,gjbx8ft23408bq0u6gjbx8f7u3xggs2k,2.0,5.0,2.0,2.0,2.0,2.0,5.0,5.0,4.0,2.0,4.0,4.0,4.0,2.0,5.0,2.0,5.0,4.0,5.0,3.0,2.0,3.0,3.0,2.0,5.0,3.0,3.0,3.0,5.0,5.0,5.0,3.0,3.0,5.0,4.0,2.0,5.0,3.0,3.0,4.0,2.0,5.0,3.0,5.0,2.0,3.0,3.0,2.0,3.0,4.0,3.0,2.0,3.0,4.0,3.0,5.0,3.0,4.0,3.0,2.0,5.0,5.0,5.0,5.0,5.0,4.0,4.0,5.0,4.0,3.0,5.0,5.0,5.0,3.0,4.0,5.0,2.0,3.0,2.0,5.0,5.0,4.0,1.0,5.0,5.0,3.0,5.0,5.0,5.0,5.0,5.0,5.0,5.0,5.0,5.0,"25,0","6,0",ingenieria sistemas,2.0,casado,backend,analista II,femenino,"1,0","2,8","3,4","2,2","4,0","3,4","4,2","3,2","4,2","3,8","3,2","4,4","4,4","3,6","3,4","4,6","4,0","3,6","4,6","4,2",18-25,0-1,5-8
71,y5rz0eeajeiucc9mjy5r1960a1h2wtzf,4.0,5.0,5.0,5.0,2.0,5.0,1.0,5.0,4.0,4.0,1.0,4.0,2.0,4.0,4.0,5.0,5.0,2.0,5.0,5.0,4.0,3.0,3.0,5.0,5.0,3.0,4.0,3.0,4.0,5.0,5.0,5.0,3.0,5.0,3.0,4.0,4.0,3.0,4.0,5.0,3.0,5.0,5.0,5.0,5.0,5.0,3.0,3.0,4.0,3.0,5.0,3.0,4.0,5.0,4.0,5.0,5.0,4.0,3.0,5.0,5.0,5.0,5.0,4.0,5.0,4.0,5.0,4.0,3.0,4.0,3.0,5.0,3.0,3.0,3.0,4.0,5.0,3.0,4.0,5.0,5.0,4.0,4.0,4.0,5.0,3.0,3.0,3.0,5.0,2.0,4.0,3.0,4.0,4.0,3.0,"38,0","3,0",ingenieria electrica,4.0,soltero,soporte,analista III,otro,"1,0","4,4","4,0","4,0","4,6","4,4","4,8","3,4","4,6","3,8","3,8","3,4","3,6","4,2","3,0","4,4","3,8","4,0","3,6","4,0",35-45,0-1,1-3
72,a0v1xa2d4btntzau3sla0v1xamrism0o,1.0,2.0,1.0,2.0,2.0,1.0,2.0,5.0,5.0,5.0,1.0,2.0,4.0,1.0,1.0,2.0,4.0,5.0,1.0,3.0,2.0,1.0,3.0,3.0,3.0,3.0,3.0,3.0,3.0,3.0,3.0,3.0,3.0,3.0,3.0,3.0,3.0,3.0,3.0,3.0,3.0,5.0,5.0,5.0,3.0,3.0,3.0,3.0,3.0,5.0,1.0,5.0,3.0,3.0,3.0,5.0,5.0,3.0,3.0,3.0,5.0,3.0,3.0,3.0,3.0,5.0,3.0,3.0,3.0,3.0,3.0,3.0,3.0,3.0,3.0,3.0,3.0,3.0,3.0,5.0,5.0,3.0,5.0,3.0,3.0,3.0,5.0,5.0,3.0,5.0,5.0,5.0,3.0,3.0,3.0,"20,0","5,0",sicologo,0.0,casado,gh,analista I,masculino,"1,0","2,6","2,6","2,2","4,0","3,6","3,0","3,2","3,4","3,8","3,4","3,0","3,6","2,8","3,4","3,0","3,2","3,2","3,8","3,0",18-25,0-1,3-5
73,kw8ojyjjcxa3fkwst8e2avqxkz27s6rc,2.0,4.0,5.0,4.0,2.0,5.0,5.0,5.0,5.0,5.0,5.0,4.0,4.0,4.0,4.0,5.0,5.0,4.0,5.0,3.0,3.0,4.0,5.0,4.0,5.0,4.0,4.0,4.0,4.0,5.0,5.0,3.0,4.0,4.0,5.0,3.0,4.0,4.0,3.0,4.0,5.0,5.0,4.0,4.0,3.0,4.0,5.0,5.0,4.0,5.0,1.0,3.0,2.0,3.0,4.0,3.0,3.0,5.0,4.0,4.0,5.0,4.0,3.0,3.0,4.0,5.0,4.0,4.0,3.0,3.0,4.0,3.0,4.0,4.0,4.0,4.0,5.0,5.0,4.0,5.0,5.0,4.0,3.0,1.0,4.0,4.0,5.0,5.0,4.0,5.0,5.0,5.0,4.0,4.0,4.0,"44,0","5,0",ingenieria sistemas,3.0,soltero,frontend,analista II,femenino,"3,0","3,6","4,0","4,4","4,8","3,8","4,2","3,6","3,6","4,6","4,4","4,6","4,4","3,0","4,0","3,6","4,4","4,0","3,8","4,0",35-45,1-3,3-5
74,961tubwsq9ym2v7961tuz4gvgevwjmr4,2.0,4.0,1.0,5.0,2.0,5.0,5.0,5.0,5.0,4.0,5.0,4.0,4.0,4.0,5.0,5.0,5.0,5.0,5.0,4.0,4.0,2.0,4.0,5.0,5.0,3.0,3.0,3.0,3.0,5.0,5.0,5.0,4.0,5.0,4.0,4.0,4.0,4.0,3.0,5.0,3.0,5.0,4.0,3.0,3.0,4.0,4.0,3.0,3.0,5.0,3.0,5.0,1.0,5.0,3.0,5.0,4.0,5.0,4.0,5.0,5.0,4.0,3.0,3.0,3.0,5.0,2.0,2.0,2.0,4.0,5.0,3.0,4.0,3.0,2.0,3.0,5.0,3.0,4.0,5.0,3.0,3.0,3.0,3.0,3.0,2.0,3.0,3.0,5.0,5.0,5.0,5.0,3.0,3.0,3.0,"24,0","5,0",ingenieria industrial,2.0,casado,analista,analista I,otro,"2,0","3,8","4,0","3,0","4,8","3,6","3,8","3,4","3,6","4,0","2,8","3,6","3,8","4,2","4,6","3,8","4,6","3,6","3,8","3,8",18-25,1-3,3-5
75,xhf7njxb691qe96fxhf7ngdvvdg4ashc,5.0,2.0,5.0,5.0,2.0,1.0,2.0,5.0,4.0,2.0,4.0,4.0,5.0,4.0,5.0,5.0,4.0,4.0,5.0,4.0,4.0,4.0,5.0,5.0,5.0,4.0,5.0,5.0,4.0,5.0,5.0,4.0,4.0,4.0,5.0,4.0,5.0,5.0,5.0,4.0,5.0,5.0,4.0,4.0,4.0,4.0,5.0,5.0,5.0,4.0,4.0,5.0,4.0,4.0,5.0,5.0,5.0,5.0,4.0,4.0,5.0,5.0,4.0,4.0,3.0,5.0,5.0,4.0,4.0,4.0,5.0,5.0,5.0,5.0,5.0,4.0,5.0,4.0,4.0,5.0,5.0,5.0,2.0,1.0,4.0,4.0,5.0,5.0,5.0,5.0,5.0,5.0,4.0,5.0,5.0,"26,0","2,0",ingenieria sistemas,3.0,soltero,backend,analista II,masculino,"4,0","4,8","3,6","4,4","5,0","4,2","3,8","3,2","3,6","4,6","4,0","4,6","4,4","4,4","4,6","4,6","4,8","4,4","4,8","4,8",25-35,3-5,1-3
76,3k8shumjpsobl5mlp3k8shp48hzxkzcd,1.0,4.0,4.0,2.0,5.0,5.0,1.0,5.0,4.0,5.0,5.0,2.0,4.0,1.0,5.0,1.0,4.0,4.0,1.0,5.0,5.0,5.0,5.0,4.0,3.0,4.0,4.0,4.0,4.0,4.0,4.0,4.0,5.0,4.0,5.0,5.0,4.0,5.0,5.0,4.0,5.0,5.0,5.0,4.0,4.0,4.0,4.0,4.0,4.0,2.0,4.0,1.0,4.0,4.0,5.0,4.0,4.0,4.0,4.0,5.0,5.0,5.0,5.0,4.0,4.0,5.0,5.0,5.0,5.0,5.0,5.0,4.0,5.0,4.0,4.0,4.0,5.0,4.0,4.0,5.0,1.0,5.0,5.0,5.0,5.0,4.0,5.0,5.0,5.0,2.0,5.0,5.0,4.0,5.0,5.0,"22,0","6,0",ingenieria electrica,2.0,casado,soporte,analista I,femenino,"4,0","4,0","4,2","4,6","4,4","4,0","4,4","3,6","4,4","4,4","4,4","4,6","3,6","4,4","2,8","4,4","4,0","4,4","4,2","3,8",18-25,3-5,5-8
77,smc916z1zibmq0q9i73ksmc916ztr3hy,4.0,4.0,5.0,4.0,2.0,5.0,2.0,5.0,5.0,2.0,5.0,4.0,4.0,2.0,5.0,4.0,4.0,4.0,2.0,5.0,5.0,3.0,5.0,4.0,5.0,3.0,5.0,5.0,4.0,4.0,5.0,4.0,3.0,4.0,5.0,4.0,4.0,4.0,5.0,4.0,4.0,5.0,4.0,4.0,3.0,4.0,5.0,3.0,4.0,3.0,1.0,5.0,3.0,4.0,5.0,4.0,5.0,5.0,5.0,4.0,5.0,4.0,4.0,4.0,4.0,4.0,4.0,4.0,4.0,4.0,5.0,5.0,5.0,4.0,3.0,4.0,5.0,4.0,4.0,5.0,5.0,4.0,3.0,4.0,4.0,3.0,5.0,4.0,4.0,5.0,5.0,5.0,5.0,4.0,4.0,"23,0","2,0",sicologo,4.0,soltero,gh,analista II,otro,"2,0","4,8","4,4","4,0","4,8","3,8","4,4","3,0","4,4","4,6","3,2","4,4","4,0","3,4","4,0","4,4","4,6","4,4","3,8","3,8",18-25,1-3,1-3
78,4luiyg01p5i6bfdsy4luiyg4q8ircdyz,2.0,2.0,1.0,5.0,2.0,5.0,1.0,2.0,4.0,5.0,5.0,4.0,4.0,4.0,5.0,5.0,1.0,4.0,1.0,5.0,5.0,3.0,5.0,4.0,5.0,4.0,5.0,5.0,5.0,5.0,5.0,5.0,4.0,5.0,5.0,5.0,5.0,5.0,5.0,5.0,4.0,5.0,5.0,5.0,5.0,3.0,5.0,5.0,5.0,5.0,1.0,5.0,4.0,5.0,5.0,5.0,5.0,4.0,5.0,5.0,5.0,5.0,5.0,5.0,5.0,4.0,5.0,5.0,5.0,5.0,5.0,5.0,4.0,5.0,5.0,5.0,5.0,4.0,4.0,5.0,5.0,4.0,1.0,1.0,4.0,5.0,5.0,5.0,5.0,5.0,5.0,5.0,4.0,4.0,4.0,"33,0","4,0",ingenieria sistemas,0.0,casado,frontend,jefe I,masculino,"1,0","4,2","4,2","3,4","5,0","4,2","4,8","3,2","3,2","4,4","5,0","5,0","4,8","4,0","4,6","4,8","4,8","4,0","4,6","4,0",25-35,0-1,3-5
79,xkiixg91yp1fu8wnsmxkiixgy0um25h1,5.0,2.0,5.0,5.0,5.0,4.0,5.0,4.0,5.0,2.0,1.0,4.0,4.0,4.0,4.0,5.0,4.0,4.0,1.0,4.0,3.0,5.0,1.0,1.0,5.0,1.0,1.0,1.0,1.0,3.0,5.0,5.0,5.0,5.0,1.0,2.0,4.0,1.0,5.0,5.0,5.0,5.0,5.0,5.0,3.0,4.0,1.0,2.0,5.0,5.0,4.0,5.0,4.0,5.0,1.0,5.0,5.0,5.0,3.0,5.0,5.0,5.0,3.0,4.0,4.0,2.0,4.0,4.0,4.0,4.0,3.0,3.0,2.0,4.0,2.0,3.0,5.0,2.0,1.0,5.0,5.0,5.0,4.0,3.0,4.0,2.0,5.0,2.0,4.0,5.0,2.0,3.0,2.0,4.0,3.0,"39,0","3,0",ingenieria industrial,2.0,soltero,analista,jefe II,femenino,"2,0","4,8","3,0","4,2","4,2","4,2","4,4","3,4","3,2","2,6","2,2","3,6","4,0","4,2","4,4","3,6","3,2","2,6","3,8","2,6",35-45,1-3,1-3
80,s2hec7vy045a24yghs2hec7vyyuafw5p,2.0,2.0,2.0,5.0,2.0,2.0,4.0,5.0,5.0,5.0,5.0,4.0,5.0,5.0,5.0,5.0,5.0,5.0,5.0,5.0,3.0,4.0,4.0,4.0,5.0,5.0,4.0,5.0,5.0,5.0,5.0,5.0,5.0,5.0,4.0,4.0,5.0,4.0,4.0,5.0,5.0,5.0,3.0,5.0,4.0,5.0,4.0,5.0,5.0,5.0,1.0,5.0,3.0,5.0,4.0,5.0,5.0,5.0,3.0,4.0,5.0,5.0,5.0,4.0,3.0,5.0,5.0,5.0,5.0,3.0,5.0,5.0,5.0,5.0,5.0,5.0,5.0,3.0,4.0,5.0,5.0,5.0,1.0,1.0,5.0,5.0,5.0,5.0,5.0,5.0,5.0,5.0,4.0,5.0,5.0,"23,0","2,0",ingenieria sistemas,1.0,casado,backend,analista II,otro,"2,0","4,2","3,2","3,8","4,8","3,8","4,4","3,6","3,6","4,8","5,0","5,0","4,8","3,8","5,0","4,6","4,8","4,4","5,0","4,8",18-25,1-3,1-3
81,p2q8ou53vuso9y01yn3p2q8ccflpd81o,5.0,2.0,1.0,5.0,4.0,5.0,5.0,5.0,5.0,5.0,4.0,4.0,4.0,1.0,5.0,1.0,5.0,4.0,5.0,5.0,4.0,3.0,5.0,3.0,4.0,4.0,3.0,4.0,4.0,5.0,4.0,4.0,4.0,4.0,4.0,4.0,5.0,4.0,4.0,4.0,4.0,5.0,4.0,4.0,5.0,4.0,4.0,4.0,4.0,5.0,1.0,5.0,4.0,4.0,5.0,5.0,5.0,4.0,3.0,4.0,5.0,4.0,5.0,4.0,4.0,5.0,5.0,4.0,4.0,4.0,5.0,4.0,4.0,4.0,4.0,4.0,4.0,4.0,4.0,5.0,5.0,4.0,1.0,4.0,4.0,4.0,5.0,5.0,4.0,5.0,5.0,5.0,4.0,4.0,5.0,"22,0","2,0",ingenieria electrica,1.0,soltero,soporte,analista I,masculino,"2,0","4,4","3,4","3,2","5,0","4,0","4,4","3,8","4,0","4,4","4,4","4,4","4,4","3,4","4,0","4,4","3,6","4,4","4,4","4,6",18-25,1-3,1-3
82,fs1evpak9bat5pl4y3fs1evoep7qy4p6,4.0,2.0,4.0,2.0,5.0,2.0,5.0,4.0,4.0,2.0,5.0,4.0,4.0,4.0,5.0,5.0,4.0,1.0,5.0,4.0,3.0,4.0,5.0,1.0,4.0,3.0,3.0,4.0,1.0,5.0,5.0,4.0,5.0,5.0,5.0,4.0,5.0,5.0,5.0,5.0,5.0,5.0,4.0,5.0,5.0,5.0,5.0,5.0,5.0,3.0,3.0,5.0,5.0,5.0,5.0,1.0,5.0,5.0,5.0,5.0,5.0,5.0,5.0,4.0,2.0,5.0,4.0,5.0,5.0,4.0,5.0,5.0,5.0,5.0,5.0,5.0,5.0,4.0,5.0,5.0,5.0,5.0,1.0,3.0,5.0,5.0,5.0,2.0,4.0,5.0,3.0,5.0,5.0,5.0,5.0,"33,0","6,0",sicologo,4.0,casado,gh,jefe II,femenino,"1,0","4,6","3,8","4,6","4,4","4,0","4,2","3,6","3,4","4,6","3,4","5,0","3,8","3,8","4,8","4,6","5,0","4,6","3,4","5,0",25-35,0-1,5-8
83,t3r22fl3ks5chgwi9i8t3r22pjpib77y,2.0,2.0,5.0,4.0,2.0,1.0,2.0,5.0,1.0,2.0,5.0,2.0,4.0,2.0,5.0,4.0,5.0,5.0,5.0,3.0,2.0,3.0,5.0,1.0,4.0,3.0,3.0,3.0,5.0,5.0,3.0,5.0,4.0,5.0,4.0,5.0,5.0,4.0,4.0,4.0,5.0,5.0,3.0,5.0,4.0,3.0,4.0,5.0,5.0,3.0,5.0,5.0,4.0,4.0,4.0,5.0,5.0,5.0,3.0,5.0,5.0,5.0,5.0,5.0,3.0,5.0,5.0,5.0,4.0,5.0,5.0,5.0,5.0,4.0,5.0,5.0,5.0,4.0,5.0,5.0,2.0,5.0,3.0,2.0,5.0,5.0,5.0,5.0,4.0,4.0,4.0,5.0,5.0,5.0,5.0,"27,0","6,0",ingenieria sistemas,3.0,soltero,frontend,analista I,otro,"2,0","3,8","3,0","4,6","4,8","2,6","4,0","3,4","3,2","3,6","4,4","5,0","3,4","4,6","4,0","4,6","4,4","4,6","5,0","4,8",25-35,1-3,5-8
84,rbljbqv29xen1vzn2j5lrbljbqy24zhq,2.0,2.0,2.0,4.0,5.0,5.0,5.0,5.0,1.0,2.0,4.0,4.0,4.0,4.0,4.0,2.0,5.0,4.0,5.0,4.0,3.0,2.0,1.0,1.0,3.0,1.0,1.0,1.0,2.0,3.0,2.0,4.0,3.0,4.0,1.0,1.0,4.0,2.0,3.0,4.0,3.0,3.0,4.0,4.0,2.0,5.0,1.0,2.0,4.0,5.0,3.0,4.0,3.0,5.0,3.0,4.0,4.0,4.0,1.0,5.0,5.0,5.0,4.0,2.0,1.0,2.0,3.0,3.0,4.0,2.0,3.0,3.0,2.0,3.0,2.0,4.0,5.0,2.0,2.0,5.0,5.0,2.0,4.0,2.0,4.0,3.0,5.0,5.0,5.0,4.0,3.0,4.0,4.0,4.0,3.0,"45,0","6,0",ingenieria industrial,2.0,casado,analista,analista II,masculino,"2,0","3,6","2,4","2,8","3,6","4,0","3,6","2,8","2,8","1,8","2,4","3,8","4,0","3,6","3,6","3,4","2,8","3,2","3,6","3,6",35-45,1-3,5-8
85,n010vdzzd3cwdxpnxn01hhnzhdgqyt0o,5.0,1.0,5.0,2.0,4.0,1.0,2.0,2.0,1.0,2.0,1.0,4.0,4.0,1.0,5.0,2.0,4.0,4.0,5.0,3.0,2.0,1.0,1.0,4.0,3.0,1.0,1.0,1.0,1.0,1.0,2.0,3.0,3.0,4.0,1.0,1.0,5.0,1.0,1.0,5.0,1.0,3.0,4.0,4.0,3.0,3.0,2.0,3.0,3.0,5.0,1.0,5.0,2.0,4.0,1.0,4.0,4.0,3.0,2.0,2.0,3.0,4.0,4.0,3.0,3.0,3.0,3.0,3.0,3.0,3.0,2.0,3.0,1.0,1.0,3.0,3.0,3.0,3.0,1.0,3.0,5.0,3.0,4.0,4.0,4.0,3.0,5.0,5.0,3.0,5.0,5.0,3.0,3.0,4.0,3.0,"33,0","1,0",ingenieria sistemas,2.0,soltero,backend,analista I,femenino,"4,0","3,0","2,6","2,0","2,4","4,2","3,0","2,6","2,6","2,2","2,4","2,6","3,8","2,8","3,2","3,8","2,2","2,0","4,0","3,2",25-35,3-5,0-1
86,jeokp8oexcber3bjmvjeo2n5kbyhdclh,2.0,4.0,5.0,2.0,2.0,4.0,1.0,5.0,4.0,4.0,1.0,5.0,4.0,2.0,1.0,4.0,5.0,5.0,5.0,3.0,2.0,1.0,3.0,4.0,4.0,4.0,4.0,4.0,3.0,4.0,4.0,5.0,2.0,2.0,3.0,3.0,4.0,4.0,2.0,2.0,1.0,5.0,4.0,4.0,4.0,2.0,3.0,3.0,3.0,3.0,2.0,4.0,1.0,5.0,3.0,4.0,4.0,4.0,3.0,3.0,4.0,4.0,4.0,4.0,3.0,4.0,4.0,2.0,2.0,2.0,3.0,3.0,4.0,4.0,3.0,3.0,5.0,3.0,3.0,5.0,2.0,5.0,4.0,3.0,3.0,3.0,3.0,4.0,5.0,2.0,4.0,5.0,3.0,5.0,5.0,"40,0","2,0",ingenieria electrica,2.0,casado,soporte,analista II,otro,"3,0","3,2","2,8","2,6","3,8","3,2","4,2","3,4","3,4","3,6","3,4","2,6","3,6","3,6","2,6","2,2","4,2","3,6","4,2","4,2",35-45,1-3,1-3
87,bho8zpjgzxyp9ijxspbho8zpp709n2s4,5.0,5.0,2.0,2.0,2.0,5.0,4.0,5.0,5.0,5.0,4.0,4.0,4.0,4.0,5.0,5.0,5.0,5.0,5.0,5.0,2.0,2.0,5.0,5.0,5.0,5.0,5.0,5.0,5.0,5.0,5.0,5.0,4.0,5.0,5.0,5.0,5.0,5.0,5.0,5.0,4.0,5.0,5.0,5.0,5.0,5.0,5.0,5.0,5.0,1.0,1.0,5.0,4.0,5.0,5.0,5.0,5.0,5.0,4.0,5.0,5.0,5.0,3.0,5.0,5.0,5.0,5.0,3.0,5.0,5.0,5.0,5.0,5.0,4.0,4.0,4.0,4.0,4.0,4.0,5.0,5.0,5.0,1.0,1.0,5.0,5.0,5.0,5.0,5.0,5.0,5.0,5.0,5.0,4.0,4.0,"28,0","6,0",sicologo,2.0,soltero,gh,analista I,masculino,"2,0","4,8","4,0","3,4","4,4","4,4","4,6","4,0","4,2","5,0","5,0","4,4","4,0","4,0","4,6","4,8","5,0","4,8","4,6","4,6",25-35,1-3,5-8
88,jvyg80aaessr86bb1h10jvyg8lgoyxcb,4.0,2.0,5.0,4.0,5.0,1.0,5.0,5.0,5.0,2.0,4.0,4.0,5.0,4.0,5.0,1.0,5.0,5.0,5.0,3.0,5.0,3.0,3.0,1.0,2.0,3.0,2.0,2.0,2.0,3.0,3.0,3.0,1.0,3.0,3.0,2.0,2.0,1.0,5.0,4.0,3.0,3.0,3.0,5.0,3.0,3.0,2.0,1.0,5.0,5.0,5.0,5.0,2.0,4.0,2.0,5.0,3.0,5.0,4.0,4.0,5.0,4.0,4.0,3.0,2.0,3.0,2.0,4.0,4.0,3.0,4.0,4.0,3.0,3.0,4.0,4.0,4.0,4.0,3.0,5.0,5.0,5.0,3.0,5.0,3.0,3.0,5.0,5.0,4.0,2.0,5.0,5.0,5.0,5.0,5.0,"33,0","5,0",ingenieria sistemas,2.0,casado,frontend,jefe II,femenino,"3,0","4,2","3,8","3,6","4,0","3,6","3,4","3,4","3,4","3,0","2,0","4,2","4,2","4,0","3,2","3,8","3,2","3,4","4,2","3,6",25-35,1-3,3-5
89,hf4s37u7g23umxxxcy1khf4s37u9ossj,2.0,2.0,5.0,2.0,5.0,5.0,5.0,5.0,4.0,4.0,4.0,4.0,4.0,4.0,5.0,2.0,5.0,4.0,5.0,3.0,4.0,3.0,3.0,3.0,4.0,3.0,5.0,4.0,3.0,5.0,5.0,4.0,3.0,2.0,3.0,2.0,3.0,2.0,3.0,4.0,3.0,4.0,3.0,3.0,3.0,3.0,4.0,4.0,3.0,2.0,4.0,3.0,1.0,3.0,3.0,3.0,3.0,4.0,3.0,4.0,5.0,4.0,3.0,3.0,5.0,3.0,3.0,3.0,4.0,3.0,3.0,4.0,3.0,3.0,3.0,4.0,5.0,3.0,3.0,3.0,4.0,5.0,3.0,1.0,3.0,1.0,2.0,3.0,5.0,5.0,5.0,5.0,3.0,3.0,3.0,"34,0","3,0",ingenieria industrial,3.0,soltero,analista,analista III,otro,"3,0","3,4","3,2","3,6","3,4","3,8","4,0","3,4","3,8","3,6","3,0","3,4","3,6","4,0","3,6","3,4","3,2","3,2","3,2","3,4",25-35,1-3,1-3
90,h0iop4m7268gdh9h0iop1xvufdkdxmek,4.0,2.0,1.0,2.0,2.0,1.0,5.0,5.0,4.0,1.0,4.0,4.0,5.0,2.0,1.0,2.0,4.0,4.0,5.0,5.0,4.0,5.0,5.0,5.0,4.0,4.0,4.0,5.0,5.0,5.0,5.0,5.0,5.0,5.0,5.0,5.0,5.0,5.0,4.0,5.0,4.0,5.0,5.0,5.0,5.0,5.0,5.0,3.0,5.0,5.0,5.0,2.0,4.0,3.0,5.0,5.0,5.0,4.0,3.0,5.0,5.0,5.0,5.0,5.0,5.0,5.0,5.0,4.0,5.0,5.0,5.0,4.0,4.0,3.0,5.0,3.0,5.0,4.0,3.0,5.0,5.0,5.0,3.0,1.0,5.0,5.0,5.0,5.0,4.0,5.0,5.0,5.0,3.0,4.0,3.0,"36,0","1,0",ingenieria sistemas,4.0,casado,backend,analista II,masculino,"3,0","4,4","3,6","3,6","4,4","4,4","4,0","4,4","4,0","4,8","3,8","4,6","4,8","4,8","3,8","3,8","3,8","4,0","4,6","4,2",35-45,1-3,0-1
91,3aq1voqmzjza1ilcv1j29vcr3aq1voqr,2.0,1.0,5.0,4.0,5.0,1.0,5.0,5.0,5.0,2.0,5.0,2.0,5.0,2.0,5.0,2.0,5.0,4.0,1.0,3.0,3.0,4.0,5.0,4.0,4.0,5.0,4.0,5.0,5.0,5.0,4.0,5.0,3.0,4.0,5.0,5.0,5.0,5.0,5.0,5.0,5.0,5.0,5.0,5.0,5.0,5.0,5.0,5.0,5.0,2.0,5.0,5.0,3.0,4.0,5.0,5.0,5.0,5.0,5.0,5.0,5.0,5.0,5.0,5.0,4.0,5.0,5.0,5.0,5.0,5.0,5.0,5.0,4.0,5.0,5.0,5.0,5.0,4.0,4.0,5.0,5.0,5.0,1.0,1.0,5.0,3.0,5.0,4.0,5.0,1.0,5.0,5.0,5.0,5.0,5.0,"23,0","1,0",ingenieria electrica,1.0,soltero,soporte,analista I,femenino,"1,0","4,0","3,6","4,6","4,8","4,8","4,0","4,2","3,8","5,0","4,0","5,0","3,4","5,0","3,2","4,4","4,0","5,0","4,8","4,2",18-25,0-1,0-1
92,omxmmox9w49s91mjbs4omxmmgvpscb5a,4.0,2.0,4.0,2.0,2.0,5.0,2.0,2.0,2.0,4.0,1.0,4.0,4.0,4.0,4.0,5.0,4.0,2.0,5.0,3.0,3.0,3.0,4.0,2.0,3.0,4.0,4.0,4.0,3.0,4.0,3.0,3.0,4.0,3.0,5.0,4.0,5.0,3.0,4.0,5.0,3.0,5.0,4.0,4.0,3.0,5.0,4.0,5.0,5.0,3.0,3.0,5.0,3.0,4.0,5.0,4.0,5.0,4.0,4.0,4.0,5.0,5.0,5.0,5.0,3.0,4.0,4.0,5.0,4.0,4.0,5.0,4.0,3.0,4.0,4.0,5.0,5.0,3.0,4.0,4.0,5.0,3.0,1.0,4.0,5.0,3.0,5.0,5.0,3.0,5.0,5.0,4.0,5.0,4.0,5.0,"22,0","1,0",sicologo,3.0,casado,gh,analista I,otro,"4,0","4,0","3,4","3,6","4,0","3,6","4,0","3,0","3,6","3,8","3,8","4,0","3,8","3,4","4,6","3,8","4,2","4,4","3,8","4,6",18-25,3-5,0-1
93,4da24oaqs0jsk9mplvov4da24o7e4dza,4.0,2.0,5.0,4.0,5.0,2.0,4.0,5.0,2.0,5.0,4.0,4.0,5.0,4.0,5.0,5.0,2.0,2.0,5.0,4.0,2.0,3.0,1.0,1.0,4.0,1.0,2.0,2.0,3.0,1.0,2.0,4.0,3.0,3.0,1.0,4.0,5.0,2.0,3.0,5.0,3.0,4.0,4.0,5.0,4.0,4.0,2.0,2.0,4.0,4.0,3.0,4.0,4.0,4.0,2.0,4.0,4.0,4.0,3.0,4.0,4.0,4.0,4.0,3.0,2.0,3.0,3.0,3.0,3.0,3.0,4.0,4.0,4.0,3.0,4.0,4.0,4.0,3.0,3.0,4.0,3.0,4.0,4.0,3.0,4.0,4.0,4.0,3.0,4.0,3.0,4.0,3.0,4.0,4.0,4.0,"37,0","2,0",ingenieria sistemas,4.0,soltero,frontend,analista II,masculino,"3,0","3,8","3,0","3,6","3,4","3,4","3,8","3,2","3,2","2,6","3,4","3,2","3,2","3,8","3,6","4,0","3,4","3,0","3,8","3,8",35-45,1-3,1-3
94,c7z7va9kwc54is4wnc7z7vrhv0muzy9w,4.0,2.0,5.0,5.0,2.0,4.0,5.0,4.0,2.0,4.0,2.0,4.0,4.0,1.0,1.0,5.0,2.0,2.0,1.0,3.0,5.0,2.0,2.0,3.0,5.0,3.0,3.0,2.0,3.0,3.0,4.0,3.0,4.0,3.0,3.0,5.0,4.0,2.0,3.0,4.0,3.0,5.0,2.0,2.0,4.0,2.0,3.0,2.0,3.0,4.0,1.0,3.0,2.0,3.0,2.0,5.0,4.0,5.0,4.0,5.0,5.0,4.0,3.0,4.0,3.0,2.0,3.0,3.0,3.0,3.0,3.0,3.0,4.0,2.0,2.0,3.0,5.0,2.0,3.0,5.0,5.0,4.0,3.0,2.0,3.0,2.0,3.0,2.0,4.0,5.0,3.0,5.0,3.0,5.0,5.0,"20,0","5,0",ingenieria industrial,0.0,casado,analista,analista I,femenino,"4,0","4,0","3,4","3,6","4,4","3,2","3,6","3,8","2,8","2,4","2,8","2,8","3,4","3,0","3,2","2,4","4,0","2,8","3,6","3,0",18-25,3-5,3-5
95,frcg192cvwnymp8psfrcg166nsb3esb5,2.0,4.0,5.0,5.0,5.0,4.0,2.0,5.0,1.0,2.0,4.0,4.0,4.0,4.0,5.0,5.0,1.0,1.0,2.0,5.0,5.0,1.0,1.0,4.0,4.0,1.0,1.0,1.0,2.0,3.0,2.0,4.0,5.0,4.0,3.0,4.0,5.0,3.0,3.0,5.0,2.0,5.0,3.0,5.0,3.0,2.0,2.0,2.0,1.0,3.0,1.0,4.0,3.0,2.0,2.0,3.0,4.0,5.0,3.0,5.0,5.0,5.0,3.0,2.0,2.0,1.0,2.0,3.0,3.0,4.0,3.0,3.0,3.0,1.0,5.0,3.0,5.0,3.0,3.0,5.0,5.0,5.0,4.0,5.0,4.0,1.0,3.0,2.0,4.0,3.0,3.0,5.0,4.0,4.0,4.0,"32,0","5,0",ingenieria sistemas,4.0,soltero,backend,jefe II,otro,"1,0","4,0","4,0","3,2","4,2","4,4","4,2","2,4","3,0","1,8","1,8","2,8","2,8","3,4","3,8","3,6","3,6","2,4","3,6","3,2",25-35,0-1,3-5
96,r88pia4cfkbrs94hzu7mr88pi49spxvd,2.0,2.0,5.0,1.0,2.0,2.0,1.0,5.0,4.0,2.0,4.0,2.0,4.0,2.0,5.0,5.0,4.0,1.0,5.0,3.0,3.0,3.0,3.0,4.0,3.0,2.0,3.0,3.0,2.0,3.0,3.0,3.0,4.0,3.0,3.0,2.0,4.0,3.0,3.0,2.0,3.0,3.0,3.0,3.0,3.0,3.0,3.0,2.0,3.0,3.0,3.0,3.0,2.0,3.0,3.0,2.0,3.0,4.0,3.0,3.0,5.0,3.0,3.0,3.0,2.0,4.0,3.0,4.0,3.0,3.0,3.0,4.0,3.0,3.0,3.0,4.0,4.0,3.0,3.0,4.0,3.0,4.0,4.0,4.0,3.0,3.0,5.0,5.0,3.0,5.0,5.0,5.0,4.0,5.0,5.0,"28,0","6,0",ingenieria electrica,3.0,casado,soporte,jefe II,masculino,"2,0","3,2","2,6","3,4","3,2","3,0","3,0","2,6","3,4","3,4","2,4","3,8","3,2","3,2","3,4","3,8","3,8","3,2","3,0","4,0",25-35,1-3,5-8
97,rnt3m69cc48kr2rnt3mq2ot6hs7lrlcl,4.0,5.0,2.0,2.0,5.0,1.0,1.0,5.0,2.0,2.0,5.0,1.0,4.0,2.0,5.0,1.0,2.0,5.0,1.0,4.0,3.0,3.0,5.0,3.0,1.0,5.0,5.0,4.0,5.0,5.0,4.0,5.0,3.0,4.0,5.0,4.0,5.0,4.0,4.0,4.0,4.0,5.0,4.0,4.0,4.0,5.0,5.0,5.0,4.0,3.0,4.0,5.0,2.0,4.0,4.0,5.0,4.0,5.0,4.0,4.0,5.0,5.0,4.0,5.0,3.0,5.0,5.0,3.0,3.0,3.0,3.0,3.0,3.0,3.0,3.0,4.0,4.0,3.0,3.0,5.0,3.0,3.0,3.0,4.0,4.0,5.0,5.0,5.0,4.0,5.0,5.0,5.0,4.0,4.0,4.0,"44,0","2,0",sicologo,0.0,soltero,gh,analista III,femenino,"4,0","4,2","3,8","3,2","4,4","4,0","2,6","3,6","4,4","4,0","4,4","4,4","3,2","4,0","3,6","3,8","3,6","3,4","4,4","3,4",35-45,3-5,1-3
98,0ece3fauhi5gob9vty460ece31glad6h,4.0,4.0,2.0,2.0,2.0,4.0,2.0,5.0,4.0,4.0,4.0,4.0,2.0,5.0,5.0,2.0,5.0,4.0,1.0,5.0,3.0,2.0,4.0,4.0,5.0,5.0,3.0,2.0,5.0,5.0,5.0,5.0,3.0,5.0,5.0,4.0,5.0,2.0,3.0,4.0,1.0,5.0,4.0,5.0,4.0,4.0,3.0,3.0,4.0,2.0,1.0,5.0,4.0,4.0,2.0,1.0,5.0,5.0,4.0,5.0,4.0,5.0,5.0,4.0,1.0,4.0,2.0,3.0,4.0,3.0,3.0,2.0,4.0,2.0,2.0,3.0,5.0,4.0,2.0,4.0,5.0,4.0,1.0,2.0,5.0,2.0,5.0,3.0,5.0,4.0,4.0,5.0,4.0,5.0,5.0,"26,0","3,0",ingenieria sistemas,4.0,casado,frontend,jefe II,otro,"3,0","4,4","3,8","2,4","3,8","4,0","4,6","3,2","3,0","3,6","3,2","4,2","3,6","3,2","4,0","4,0","4,0","3,4","3,4","3,2",25-35,1-3,1-3
99,d4bkaaqty5m4sgd4bkai173u5oax3knw,2.0,4.0,5.0,2.0,2.0,4.0,5.0,1.0,2.0,2.0,4.0,4.0,2.0,4.0,4.0,5.0,1.0,2.0,5.0,3.0,3.0,1.0,1.0,5.0,2.0,2.0,2.0,4.0,3.0,5.0,5.0,4.0,5.0,2.0,5.0,5.0,5.0,2.0,4.0,2.0,3.0,4.0,5.0,5.0,3.0,5.0,4.0,4.0,5.0,5.0,5.0,3.0,3.0,5.0,3.0,5.0,4.0,2.0,2.0,5.0,3.0,1.0,3.0,3.0,3.0,4.0,5.0,1.0,4.0,2.0,2.0,4.0,3.0,1.0,1.0,3.0,3.0,4.0,3.0,5.0,4.0,3.0,3.0,3.0,1.0,5.0,2.0,2.0,3.0,5.0,3.0,5.0,2.0,3.0,4.0,"28,0","2,0",ingenieria industrial,0.0,soltero,analista,jefe II,masculino,"3,0","2,8","3,0","3,4","3,0","3,4","3,4","3,2","2,8","3,0","3,8","3,4","4,0","3,2","3,8","3,2","4,6","2,4","3,2","3,6",25-35,1-3,1-3
100,62ygayg5o82fpb0b62yg65kaobpnyncv,4.0,5.0,5.0,2.0,5.0,2.0,2.0,5.0,4.0,5.0,5.0,4.0,4.0,4.0,4.0,4.0,4.0,4.0,4.0,3.0,3.0,4.0,5.0,5.0,4.0,4.0,4.0,4.0,4.0,4.0,4.0,4.0,4.0,4.0,4.0,4.0,4.0,4.0,4.0,4.0,4.0,4.0,4.0,4.0,4.0,4.0,5.0,5.0,4.0,3.0,4.0,1.0,4.0,4.0,5.0,4.0,4.0,5.0,4.0,5.0,5.0,5.0,5.0,4.0,5.0,4.0,5.0,4.0,4.0,4.0,4.0,5.0,4.0,5.0,4.0,4.0,5.0,4.0,5.0,4.0,1.0,4.0,5.0,4.0,5.0,4.0,2.0,2.0,4.0,2.0,2.0,2.0,4.0,5.0,4.0,"44,0","3,0",ingenieria sistemas,2.0,casado,backend,analista III,femenino,"3,0","4,2","4,0","4,6","4,0","4,0","3,8","3,8","4,4","4,4","4,6","3,8","3,4","4,0","3,0","3,8","3,6","4,4","4,2","4,0",35-45,1-3,1-3
101,r6jml7nqb2dto9r6h433ne81ycilwmhx,2.0,2.0,4.0,5.0,1.0,2.0,5.0,2.0,1.0,1.0,2.0,4.0,5.0,5.0,5.0,2.0,4.0,4.0,1.0,2.0,1.0,1.0,3.0,4.0,4.0,4.0,4.0,1.0,3.0,5.0,5.0,1.0,1.0,4.0,2.0,2.0,3.0,3.0,1.0,3.0,1.0,5.0,2.0,2.0,4.0,3.0,3.0,3.0,2.0,1.0,1.0,5.0,2.0,4.0,2.0,1.0,3.0,5.0,2.0,3.0,5.0,3.0,3.0,3.0,3.0,4.0,3.0,3.0,3.0,2.0,4.0,5.0,4.0,2.0,3.0,4.0,5.0,5.0,4.0,5.0,4.0,3.0,4.0,1.0,1.0,1.0,1.0,1.0,4.0,3.0,5.0,5.0,5.0,5.0,5.0,"31,0","5,0",ingenieria electrica,3.0,soltero,soporte,jefe II,otro,"4,0","3,0","2,6","2,6","4,6","2,8","2,8","4,0","2,6","2,0","2,2","2,6","2,8","2,6","3,6","4,2","3,4","3,0","3,2","3,2",25-35,3-5,3-5
102,z6gynqi7hxell7z4z6gypo3f315mbb57,4.0,2.0,5.0,5.0,2.0,5.0,5.0,5.0,4.0,5.0,5.0,4.0,4.0,4.0,5.0,1.0,5.0,2.0,5.0,4.0,4.0,4.0,4.0,3.0,5.0,5.0,3.0,4.0,3.0,5.0,5.0,4.0,5.0,4.0,4.0,3.0,5.0,3.0,5.0,3.0,5.0,5.0,5.0,4.0,3.0,4.0,4.0,4.0,4.0,5.0,1.0,5.0,3.0,4.0,4.0,3.0,4.0,5.0,4.0,5.0,5.0,5.0,5.0,4.0,4.0,5.0,5.0,5.0,4.0,5.0,4.0,4.0,4.0,5.0,5.0,5.0,5.0,4.0,3.0,5.0,5.0,5.0,3.0,4.0,5.0,3.0,5.0,5.0,5.0,5.0,3.0,5.0,4.0,5.0,5.0,"24,0","4,0",sicologo,4.0,casado,gh,jefe II,masculino,"3,0","4,6","3,4","4,4","4,8","4,0","4,8","4,0","4,0","4,4","4,0","4,8","4,6","3,8","4,6","3,8","3,6","4,2","4,0","4,4",18-25,1-3,3-5
103,1rpx0ac22m4n25ki1hu91rpx02b436ah,4.0,4.0,4.0,4.0,2.0,5.0,4.0,5.0,2.0,2.0,5.0,4.0,5.0,5.0,5.0,1.0,2.0,4.0,5.0,4.0,2.0,1.0,1.0,1.0,3.0,1.0,2.0,1.0,1.0,2.0,3.0,3.0,3.0,4.0,1.0,1.0,3.0,1.0,3.0,1.0,2.0,4.0,3.0,4.0,5.0,3.0,3.0,1.0,1.0,5.0,1.0,2.0,3.0,4.0,3.0,5.0,4.0,4.0,1.0,4.0,4.0,4.0,4.0,3.0,1.0,2.0,2.0,2.0,2.0,3.0,3.0,3.0,3.0,2.0,3.0,4.0,4.0,3.0,3.0,4.0,3.0,4.0,4.0,2.0,3.0,1.0,3.0,2.0,3.0,3.0,2.0,5.0,3.0,3.0,3.0,"22,0","6,0",ingenieria sistemas,0.0,soltero,frontend,analista II,femenino,"4,0","3,8","2,2","2,8","3,4","2,6","4,0","3,4","2,6","2,2","1,4","2,6","3,2","3,0","3,2","3,4","2,8","2,2","3,6","3,4",18-25,3-5,5-8
104,kf3eosutrfokbkf3eoyftppwdc2gtimd,1.0,2.0,1.0,4.0,2.0,2.0,2.0,5.0,2.0,2.0,5.0,4.0,4.0,2.0,1.0,5.0,4.0,1.0,1.0,4.0,3.0,2.0,3.0,4.0,4.0,3.0,3.0,5.0,1.0,3.0,3.0,4.0,2.0,2.0,4.0,3.0,5.0,2.0,3.0,4.0,2.0,4.0,4.0,5.0,5.0,5.0,5.0,3.0,3.0,4.0,1.0,3.0,4.0,5.0,4.0,3.0,4.0,4.0,3.0,4.0,4.0,5.0,4.0,4.0,4.0,4.0,4.0,4.0,4.0,3.0,3.0,4.0,4.0,4.0,5.0,4.0,4.0,3.0,4.0,4.0,5.0,2.0,3.0,4.0,4.0,2.0,5.0,2.0,3.0,5.0,4.0,5.0,5.0,4.0,4.0,"25,0","3,0",ingenieria industrial,4.0,casado,analista,analista II,otro,"1,0","3,2","3,0","2,6","3,8","4,0","3,4","3,4","4,2","4,0","2,4","4,0","3,4","3,0","3,0","3,0","4,6","4,0","3,6","3,0",18-25,0-1,1-3
105,hxeoiw2aewfl1vs35hxeo3wadrxarnyp,2.0,4.0,5.0,2.0,4.0,2.0,4.0,2.0,4.0,2.0,4.0,2.0,2.0,4.0,2.0,1.0,4.0,4.0,4.0,3.0,3.0,3.0,3.0,1.0,3.0,3.0,3.0,3.0,3.0,3.0,3.0,3.0,3.0,3.0,3.0,3.0,3.0,4.0,1.0,3.0,1.0,3.0,3.0,3.0,3.0,3.0,3.0,4.0,4.0,4.0,3.0,3.0,3.0,3.0,3.0,3.0,3.0,4.0,1.0,3.0,3.0,4.0,4.0,3.0,4.0,3.0,3.0,3.0,3.0,3.0,3.0,3.0,1.0,3.0,3.0,3.0,3.0,4.0,3.0,1.0,5.0,3.0,3.0,3.0,3.0,3.0,3.0,5.0,2.0,5.0,5.0,5.0,3.0,3.0,3.0,"39,0","6,0",ingenieria sistemas,4.0,soltero,backend,analista II,masculino,"2,0","2,6","3,0","3,0","2,4","3,4","3,0","3,2","3,0","3,2","3,0","3,4","3,4","2,6","3,6","3,2","2,6","3,2","3,2","3,4",35-45,1-3,5-8
106,fy4mw3g56zv034m0fy45571nme1n1v62,2.0,2.0,5.0,2.0,5.0,5.0,4.0,5.0,2.0,5.0,4.0,4.0,4.0,4.0,5.0,5.0,5.0,5.0,1.0,3.0,5.0,2.0,1.0,5.0,5.0,2.0,2.0,3.0,2.0,5.0,5.0,5.0,1.0,4.0,2.0,1.0,5.0,2.0,3.0,5.0,2.0,5.0,3.0,5.0,4.0,3.0,5.0,3.0,5.0,5.0,1.0,5.0,4.0,5.0,4.0,5.0,3.0,5.0,4.0,4.0,5.0,5.0,4.0,3.0,3.0,3.0,3.0,5.0,5.0,2.0,4.0,4.0,3.0,2.0,5.0,3.0,5.0,2.0,1.0,5.0,5.0,3.0,2.0,3.0,4.0,2.0,5.0,5.0,3.0,4.0,5.0,5.0,4.0,3.0,3.0,"32,0","2,0",ingenieria electrica,0.0,casado,soporte,analista II,femenino,"3,0","3,6","3,6","2,8","3,6","4,6","4,4","3,0","3,2","3,4","3,0","4,8","4,8","3,0","3,6","4,4","4,0","3,2","4,6","2,4",25-35,1-3,1-3
107,y2tz3jwu362s4p9cy2t2suy1knjs58q5,2.0,4.0,4.0,5.0,2.0,5.0,2.0,5.0,5.0,5.0,5.0,4.0,4.0,4.0,5.0,5.0,4.0,4.0,5.0,3.0,5.0,3.0,5.0,3.0,3.0,3.0,3.0,3.0,3.0,5.0,3.0,3.0,3.0,3.0,3.0,3.0,3.0,3.0,3.0,4.0,3.0,5.0,3.0,3.0,3.0,4.0,3.0,3.0,3.0,5.0,3.0,5.0,3.0,3.0,3.0,5.0,3.0,4.0,3.0,5.0,5.0,5.0,5.0,3.0,3.0,5.0,5.0,5.0,3.0,5.0,5.0,3.0,4.0,5.0,5.0,3.0,4.0,4.0,2.0,5.0,5.0,5.0,1.0,4.0,4.0,3.0,5.0,5.0,4.0,5.0,3.0,5.0,4.0,4.0,5.0,"22,0","4,0",sicologo,1.0,soltero,gh,analista II,otro,"2,0","3,2","4,0","3,4","5,0","3,6","4,2","2,4","3,8","4,0","3,8","4,6","4,0","3,8","4,4","3,4","4,0","3,8","4,2","3,8",18-25,1-3,3-5
108,dmm60mjennzbs27uvdmm60mjyxzcfsfa,4.0,2.0,2.0,5.0,2.0,5.0,5.0,5.0,2.0,4.0,1.0,4.0,5.0,4.0,5.0,5.0,2.0,4.0,5.0,3.0,5.0,2.0,5.0,3.0,4.0,3.0,4.0,5.0,2.0,5.0,5.0,5.0,4.0,4.0,5.0,5.0,5.0,3.0,4.0,5.0,2.0,5.0,2.0,5.0,3.0,2.0,5.0,2.0,3.0,4.0,3.0,5.0,4.0,4.0,5.0,5.0,4.0,3.0,4.0,4.0,5.0,4.0,2.0,2.0,4.0,5.0,3.0,3.0,3.0,4.0,3.0,2.0,4.0,3.0,2.0,4.0,5.0,2.0,3.0,5.0,5.0,3.0,1.0,3.0,4.0,3.0,5.0,4.0,5.0,5.0,4.0,5.0,3.0,5.0,4.0,"25,0","6,0",ingenieria sistemas,0.0,casado,frontend,analista II,masculino,"4,0","3,8","3,6","2,6","5,0","3,2","3,8","2,8","3,6","4,2","2,8","3,4","4,0","4,4","4,2","3,8","4,6","3,6","4,2","4,0",18-25,3-5,5-8
109,hu5m5abtipixt25hu5m42fwhsdqww2zp,2.0,2.0,2.0,2.0,5.0,2.0,4.0,5.0,4.0,2.0,1.0,4.0,4.0,2.0,5.0,5.0,4.0,5.0,4.0,5.0,3.0,3.0,4.0,5.0,5.0,4.0,4.0,5.0,5.0,4.0,5.0,5.0,5.0,5.0,5.0,4.0,5.0,5.0,4.0,4.0,5.0,5.0,5.0,5.0,3.0,5.0,5.0,5.0,4.0,4.0,1.0,5.0,3.0,5.0,1.0,5.0,5.0,4.0,4.0,5.0,5.0,5.0,4.0,5.0,4.0,5.0,5.0,4.0,4.0,4.0,4.0,3.0,4.0,5.0,4.0,4.0,4.0,2.0,4.0,5.0,5.0,5.0,1.0,2.0,5.0,5.0,5.0,5.0,4.0,5.0,5.0,5.0,5.0,5.0,4.0,"25,0","6,0",ingenieria industrial,2.0,soltero,analista,analista I,femenino,"3,0","3,8","3,0","3,8","4,2","5,0","4,2","3,4","4,0","4,8","4,4","3,6","4,4","3,6","4,2","4,2","4,8","3,8","4,8","4,4",18-25,1-3,5-8
110,311j448ld99fkam5311j1bjv9eerzag6,2.0,2.0,2.0,2.0,2.0,4.0,5.0,1.0,4.0,5.0,5.0,5.0,4.0,4.0,4.0,2.0,5.0,4.0,5.0,3.0,2.0,1.0,4.0,4.0,5.0,2.0,3.0,4.0,4.0,5.0,3.0,4.0,4.0,4.0,5.0,5.0,3.0,4.0,5.0,5.0,5.0,5.0,3.0,4.0,4.0,3.0,5.0,4.0,3.0,3.0,4.0,5.0,3.0,4.0,4.0,3.0,4.0,4.0,2.0,5.0,5.0,4.0,5.0,3.0,3.0,5.0,5.0,4.0,4.0,5.0,5.0,5.0,5.0,4.0,2.0,4.0,5.0,3.0,4.0,5.0,5.0,5.0,3.0,4.0,5.0,5.0,5.0,3.0,5.0,5.0,5.0,5.0,5.0,5.0,5.0,"45,0","2,0",ingenieria sistemas,2.0,casado,backend,analista I,otro,"2,0","3,8","2,8","3,4","4,2","3,6","4,6","3,4","2,8","4,6","4,6","4,4","3,6","4,4","4,6","4,2","4,2","4,6","3,4","4,4",35-45,1-3,1-3
111,gcjgr2wy4yuqho6g9gcj56ldtnfvwrc1,4.0,5.0,1.0,5.0,2.0,4.0,5.0,5.0,5.0,5.0,4.0,2.0,4.0,4.0,5.0,5.0,4.0,5.0,5.0,5.0,5.0,5.0,5.0,4.0,5.0,5.0,5.0,5.0,5.0,5.0,5.0,5.0,3.0,5.0,5.0,5.0,5.0,4.0,5.0,4.0,5.0,5.0,5.0,5.0,4.0,5.0,5.0,5.0,5.0,5.0,4.0,5.0,4.0,4.0,5.0,5.0,5.0,5.0,5.0,5.0,5.0,5.0,5.0,5.0,5.0,5.0,5.0,4.0,5.0,5.0,5.0,5.0,5.0,5.0,5.0,4.0,5.0,4.0,5.0,5.0,5.0,5.0,1.0,1.0,5.0,5.0,5.0,5.0,5.0,5.0,5.0,5.0,5.0,5.0,5.0,"23,0","6,0",ingenieria electrica,2.0,soltero,soporte,analista II,masculino,"1,0","4,8","4,6","4,2","5,0","4,2","4,8","4,0","4,2","5,0","5,0","4,6","4,4","4,6","4,4","4,8","4,8","4,8","5,0","4,6",18-25,0-1,5-8
112,66zspzv8awnpv4n66zsps4eyshbu1n4t,2.0,2.0,1.0,2.0,2.0,2.0,5.0,1.0,4.0,5.0,4.0,4.0,5.0,1.0,5.0,4.0,4.0,4.0,5.0,4.0,5.0,3.0,5.0,4.0,5.0,5.0,5.0,4.0,5.0,5.0,5.0,5.0,5.0,4.0,5.0,5.0,5.0,5.0,5.0,5.0,3.0,5.0,4.0,5.0,3.0,5.0,5.0,5.0,5.0,5.0,1.0,5.0,3.0,5.0,5.0,3.0,4.0,5.0,4.0,5.0,5.0,4.0,4.0,5.0,5.0,5.0,5.0,4.0,4.0,4.0,4.0,4.0,4.0,3.0,4.0,3.0,5.0,4.0,4.0,4.0,5.0,5.0,1.0,1.0,5.0,3.0,3.0,4.0,5.0,3.0,2.0,5.0,3.0,4.0,5.0,"44,0","1,0",sicologo,3.0,casado,gh,analista I,femenino,"4,0","4,2","4,0","3,2","4,2","3,8","4,2","3,8","3,4","4,6","4,6","4,2","4,4","4,0","3,6","3,6","4,6","4,0","4,0","4,4",35-45,3-5,0-1
113,fenkj0kdjb47ab6cyfenkj0gfwrzpdm4,4.0,4.0,1.0,2.0,2.0,1.0,1.0,5.0,5.0,4.0,4.0,5.0,4.0,4.0,5.0,5.0,2.0,5.0,1.0,3.0,2.0,2.0,5.0,3.0,4.0,4.0,4.0,3.0,3.0,5.0,5.0,3.0,3.0,3.0,5.0,2.0,5.0,3.0,2.0,4.0,2.0,5.0,3.0,3.0,4.0,4.0,4.0,4.0,3.0,4.0,1.0,5.0,1.0,3.0,1.0,5.0,2.0,3.0,3.0,3.0,4.0,3.0,4.0,2.0,3.0,5.0,3.0,3.0,3.0,2.0,3.0,3.0,3.0,3.0,1.0,4.0,3.0,1.0,2.0,5.0,3.0,5.0,1.0,3.0,3.0,4.0,5.0,4.0,4.0,5.0,5.0,5.0,3.0,3.0,3.0,"29,0","6,0",ingenieria sistemas,3.0,soltero,frontend,jefe I,otro,"4,0","3,0","2,8","2,0","4,2","2,8","3,4","2,4","3,8","4,0","3,6","4,0","4,2","2,8","4,0","3,4","4,2","2,2","3,8","2,6",25-35,3-5,5-8
114,mzx7n933lth6eihszh8mzx7n9cgofwqz,4.0,4.0,4.0,4.0,2.0,1.0,4.0,1.0,1.0,1.0,4.0,4.0,4.0,4.0,5.0,5.0,5.0,5.0,5.0,3.0,1.0,4.0,5.0,1.0,4.0,5.0,5.0,3.0,4.0,4.0,5.0,3.0,4.0,3.0,5.0,3.0,4.0,3.0,3.0,2.0,4.0,5.0,3.0,5.0,3.0,3.0,4.0,5.0,4.0,4.0,2.0,3.0,3.0,3.0,4.0,3.0,3.0,5.0,1.0,4.0,4.0,3.0,4.0,3.0,4.0,4.0,5.0,4.0,4.0,3.0,4.0,2.0,3.0,4.0,4.0,4.0,3.0,3.0,3.0,4.0,4.0,4.0,1.0,5.0,3.0,1.0,5.0,4.0,3.0,5.0,4.0,3.0,4.0,5.0,5.0,"43,0","6,0",ingenieria industrial,0.0,casado,analista,jefe II,masculino,"3,0","3,6","2,2","3,8","4,4","2,6","3,6","3,2","3,6","3,0","3,2","4,2","4,2","3,0","4,0","3,4","3,8","4,0","4,2","4,0",35-45,1-3,5-8
115,xmzv7e4725qtqva9c24xtytxmzv7udxy,2.0,4.0,1.0,2.0,2.0,5.0,1.0,5.0,4.0,5.0,5.0,4.0,4.0,4.0,5.0,1.0,5.0,2.0,5.0,4.0,4.0,5.0,5.0,5.0,5.0,5.0,5.0,4.0,4.0,5.0,5.0,5.0,4.0,4.0,5.0,4.0,5.0,5.0,5.0,5.0,3.0,5.0,5.0,4.0,4.0,4.0,5.0,5.0,4.0,2.0,1.0,5.0,4.0,4.0,4.0,5.0,5.0,5.0,5.0,5.0,5.0,5.0,5.0,5.0,4.0,5.0,5.0,5.0,5.0,5.0,5.0,5.0,5.0,5.0,5.0,5.0,5.0,5.0,5.0,5.0,5.0,5.0,4.0,4.0,5.0,4.0,5.0,5.0,5.0,1.0,5.0,5.0,5.0,5.0,5.0,"27,0","3,0",ingenieria sistemas,1.0,soltero,backend,jefe I,femenino,"4,0","4,2","4,6","3,8","4,4","4,4","4,8","3,8","4,4","4,6","4,6","4,8","4,2","4,0","3,8","4,6","4,0","4,6","4,4","5,0",25-35,3-5,1-3
116,g5fc0nspmy8hpml42gyg5fc0nhyibwsq,2.0,2.0,5.0,5.0,5.0,2.0,4.0,5.0,4.0,2.0,4.0,4.0,5.0,5.0,5.0,5.0,2.0,5.0,5.0,5.0,4.0,1.0,4.0,1.0,5.0,4.0,3.0,5.0,4.0,1.0,1.0,5.0,1.0,5.0,4.0,5.0,5.0,4.0,4.0,3.0,4.0,5.0,5.0,4.0,5.0,5.0,5.0,4.0,5.0,2.0,4.0,5.0,4.0,3.0,5.0,1.0,4.0,4.0,5.0,5.0,5.0,5.0,5.0,5.0,5.0,3.0,5.0,5.0,5.0,5.0,5.0,5.0,5.0,5.0,5.0,5.0,5.0,5.0,5.0,5.0,5.0,5.0,1.0,1.0,5.0,3.0,3.0,3.0,5.0,1.0,5.0,5.0,5.0,5.0,5.0,"25,0","5,0",ingenieria electrica,1.0,casado,soporte,analista I,otro,"4,0","4,0","3,8","4,0","4,8","4,2","4,2","3,8","3,8","4,4","3,6","3,6","3,0","4,8","3,4","4,8","4,4","4,4","4,2","4,6",18-25,3-5,3-5
117,xbz3ntcxmzz8f7en7xpxbz35suxb7aka,5.0,4.0,5.0,5.0,2.0,4.0,5.0,4.0,2.0,5.0,4.0,4.0,4.0,1.0,5.0,5.0,4.0,4.0,1.0,4.0,4.0,1.0,4.0,4.0,3.0,3.0,3.0,4.0,3.0,4.0,4.0,4.0,3.0,4.0,5.0,3.0,5.0,3.0,4.0,5.0,1.0,5.0,4.0,4.0,4.0,5.0,5.0,3.0,4.0,3.0,1.0,5.0,4.0,4.0,3.0,2.0,4.0,4.0,1.0,3.0,4.0,4.0,4.0,4.0,3.0,4.0,4.0,3.0,4.0,4.0,4.0,2.0,3.0,3.0,4.0,3.0,4.0,2.0,2.0,5.0,4.0,3.0,2.0,4.0,4.0,5.0,5.0,4.0,4.0,3.0,4.0,5.0,4.0,4.0,2.0,"43,0","4,0",sicologo,0.0,soltero,gh,analista III,masculino,"4,0","4,2","3,2","2,4","4,6","3,6","3,6","3,6","3,8","3,8","4,0","4,0","3,8","3,4","3,2","3,8","4,4","3,4","3,8","2,6",35-45,3-5,3-5
118,f8lisp3wtl3f8hbtsacejut4z56nync9,1.0,2.0,4.0,1.0,2.0,2.0,2.0,2.0,1.0,2.0,2.0,1.0,4.0,1.0,2.0,1.0,2.0,5.0,1.0,1.0,2.0,1.0,3.0,5.0,2.0,1.0,1.0,3.0,3.0,1.0,4.0,5.0,1.0,3.0,3.0,2.0,2.0,1.0,2.0,1.0,3.0,3.0,3.0,1.0,3.0,3.0,3.0,3.0,2.0,3.0,4.0,3.0,3.0,2.0,4.0,5.0,3.0,4.0,3.0,3.0,3.0,3.0,3.0,2.0,3.0,3.0,4.0,2.0,2.0,4.0,5.0,3.0,3.0,3.0,2.0,3.0,3.0,4.0,4.0,3.0,1.0,4.0,5.0,3.0,4.0,5.0,5.0,5.0,3.0,3.0,3.0,5.0,3.0,3.0,4.0,"23,0","6,0",ingenieria sistemas,0.0,casado,frontend,jefe II,femenino,"3,0","2,2","2,4","3,0","2,6","2,8","2,4","2,6","2,4","2,8","3,4","2,4","3,0","4,0","2,6","2,8","2,8","2,8","3,4","2,4",18-25,1-3,5-8
119,iiteys6itnvtcyftp6ciiteysmj0ktdm,2.0,2.0,2.0,2.0,2.0,2.0,1.0,5.0,4.0,5.0,5.0,2.0,4.0,4.0,5.0,1.0,4.0,5.0,5.0,4.0,4.0,5.0,5.0,5.0,4.0,5.0,5.0,5.0,5.0,5.0,4.0,4.0,4.0,4.0,5.0,4.0,5.0,4.0,5.0,5.0,5.0,5.0,5.0,5.0,4.0,5.0,5.0,5.0,5.0,5.0,2.0,5.0,4.0,4.0,5.0,3.0,4.0,5.0,5.0,5.0,5.0,5.0,4.0,5.0,5.0,5.0,5.0,5.0,5.0,4.0,5.0,5.0,5.0,5.0,5.0,4.0,5.0,4.0,5.0,5.0,5.0,4.0,1.0,3.0,4.0,4.0,5.0,4.0,4.0,5.0,3.0,5.0,4.0,5.0,4.0,"27,0","1,0",ingenieria industrial,3.0,soltero,analista,jefe II,otro,"4,0","4,2","4,0","4,4","4,4","4,4","3,8","3,2","4,6","4,6","4,8","5,0","4,0","3,6","4,6","4,2","4,0","4,4","4,6","4,2",25-35,3-5,0-1
120,9uaif180p9615f2usmp9ufwqjl53949b,4.0,1.0,5.0,5.0,2.0,5.0,4.0,5.0,2.0,2.0,4.0,4.0,4.0,4.0,5.0,5.0,4.0,4.0,5.0,3.0,4.0,3.0,3.0,2.0,3.0,2.0,3.0,3.0,2.0,4.0,3.0,3.0,4.0,3.0,3.0,2.0,3.0,3.0,3.0,5.0,4.0,5.0,3.0,4.0,4.0,4.0,4.0,3.0,3.0,5.0,1.0,5.0,3.0,3.0,3.0,3.0,3.0,5.0,4.0,4.0,4.0,4.0,3.0,3.0,3.0,3.0,3.0,3.0,3.0,3.0,5.0,4.0,3.0,3.0,2.0,3.0,5.0,3.0,3.0,5.0,3.0,4.0,3.0,4.0,4.0,3.0,3.0,2.0,4.0,2.0,4.0,4.0,3.0,4.0,4.0,"44,0","2,0",ingenieria sistemas,1.0,casado,backend,analista II,masculino,"3,0","4,0","3,4","3,8","4,4","2,8","3,8","3,2","3,8","3,2","2,6","3,4","3,4","3,0","4,0","3,8","3,6","3,0","3,2","3,6",35-45,1-3,1-3
121,cz8x5ivpu5lcx6rcz8g4qgeg78lhf7o4,2.0,2.0,5.0,1.0,2.0,5.0,1.0,5.0,2.0,1.0,5.0,5.0,5.0,5.0,4.0,2.0,2.0,2.0,1.0,4.0,4.0,2.0,3.0,5.0,3.0,3.0,3.0,4.0,4.0,3.0,3.0,3.0,2.0,2.0,4.0,2.0,3.0,3.0,2.0,3.0,2.0,5.0,4.0,3.0,2.0,3.0,4.0,5.0,3.0,2.0,4.0,4.0,3.0,4.0,4.0,4.0,4.0,3.0,3.0,5.0,2.0,4.0,2.0,3.0,3.0,2.0,3.0,2.0,3.0,3.0,1.0,1.0,3.0,2.0,1.0,2.0,5.0,2.0,3.0,5.0,4.0,3.0,3.0,3.0,3.0,3.0,3.0,3.0,4.0,1.0,1.0,4.0,2.0,5.0,4.0,"27,0","2,0",ingenieria electrica,4.0,soltero,soporte,analista II,femenino,"3,0","3,2","2,8","3,4","3,2","3,8","3,2","2,4","3,4","3,0","3,2","3,2","3,2","3,8","2,6","2,2","3,4","2,4","3,0","2,8",25-35,1-3,1-3
122,sd2qq76xps7f7035mosd2qq79twyw4w1,2.0,5.0,5.0,2.0,2.0,5.0,5.0,4.0,4.0,5.0,4.0,4.0,4.0,4.0,5.0,5.0,4.0,4.0,5.0,5.0,5.0,3.0,5.0,5.0,4.0,5.0,4.0,5.0,5.0,5.0,5.0,4.0,5.0,4.0,5.0,5.0,4.0,4.0,5.0,5.0,1.0,5.0,4.0,5.0,4.0,4.0,3.0,5.0,5.0,5.0,4.0,5.0,3.0,4.0,4.0,5.0,4.0,4.0,3.0,3.0,5.0,5.0,4.0,3.0,3.0,3.0,4.0,3.0,3.0,3.0,4.0,4.0,4.0,2.0,5.0,4.0,4.0,3.0,3.0,5.0,5.0,5.0,4.0,5.0,4.0,4.0,4.0,5.0,5.0,5.0,5.0,5.0,4.0,4.0,5.0,"42,0","2,0",sicologo,3.0,casado,gh,jefe I,otro,"4,0","4,0","4,2","3,0","4,4","4,2","4,6","4,2","4,0","3,8","4,6","4,2","4,4","4,0","4,6","4,2","4,6","3,8","4,4","4,4",35-45,3-5,1-3
123,kfb2gmii2aljhe0l0586kfb2gmilc58s,2.0,2.0,1.0,2.0,5.0,1.0,1.0,2.0,4.0,5.0,4.0,4.0,4.0,2.0,1.0,1.0,2.0,1.0,1.0,5.0,5.0,3.0,1.0,5.0,5.0,1.0,5.0,5.0,4.0,5.0,5.0,5.0,1.0,3.0,1.0,4.0,5.0,1.0,1.0,5.0,5.0,5.0,5.0,5.0,1.0,5.0,1.0,5.0,5.0,5.0,1.0,5.0,3.0,5.0,5.0,1.0,5.0,1.0,5.0,5.0,5.0,5.0,5.0,1.0,1.0,1.0,5.0,5.0,5.0,5.0,3.0,2.0,2.0,5.0,5.0,2.0,1.0,4.0,1.0,5.0,5.0,3.0,3.0,2.0,5.0,1.0,5.0,5.0,5.0,5.0,5.0,5.0,5.0,3.0,5.0,"28,0","2,0",ingenieria sistemas,1.0,soltero,frontend,jefe II,masculino,"3,0","2,0","4,2","3,0","3,6","5,0","3,8","1,4","3,0","3,2","4,0","4,8","4,8","4,0","3,2","2,8","2,8","4,2","3,0","2,8",25-35,1-3,1-3
124,0xewtwph179wv5lip4ya0xewtw81udar,5.0,4.0,4.0,2.0,2.0,4.0,5.0,5.0,2.0,4.0,4.0,4.0,4.0,4.0,4.0,5.0,5.0,4.0,5.0,4.0,3.0,1.0,1.0,3.0,4.0,1.0,1.0,2.0,5.0,3.0,2.0,5.0,5.0,4.0,1.0,3.0,3.0,1.0,3.0,3.0,1.0,1.0,4.0,3.0,3.0,3.0,1.0,1.0,3.0,4.0,2.0,5.0,4.0,4.0,2.0,5.0,4.0,5.0,3.0,3.0,3.0,3.0,3.0,2.0,3.0,2.0,3.0,3.0,3.0,3.0,3.0,3.0,3.0,1.0,3.0,3.0,5.0,3.0,2.0,2.0,5.0,3.0,2.0,3.0,3.0,3.0,3.0,4.0,2.0,5.0,5.0,4.0,2.0,2.0,3.0,"42,0","3,0",ingenieria industrial,0.0,casado,analista,analista II,femenino,"3,0","4,4","3,2","2,2","1,8","3,4","3,4","2,6","3,0","2,0","3,2","3,2","3,4","3,2","4,4","4,0","3,4","2,6","3,4","3,2",35-45,1-3,1-3
125,eazccmhvkopnw7fooeazc84jdlz0mws0,4.0,5.0,2.0,5.0,5.0,2.0,5.0,4.0,1.0,2.0,4.0,4.0,5.0,2.0,5.0,5.0,4.0,5.0,1.0,4.0,1.0,1.0,2.0,2.0,4.0,3.0,2.0,4.0,4.0,5.0,3.0,3.0,2.0,3.0,3.0,2.0,3.0,2.0,3.0,5.0,1.0,5.0,4.0,4.0,2.0,3.0,3.0,2.0,4.0,5.0,3.0,3.0,3.0,3.0,2.0,3.0,3.0,2.0,1.0,2.0,4.0,2.0,2.0,2.0,1.0,2.0,2.0,1.0,1.0,1.0,3.0,2.0,3.0,1.0,3.0,4.0,2.0,2.0,1.0,1.0,5.0,3.0,4.0,3.0,2.0,3.0,2.0,3.0,1.0,5.0,5.0,4.0,3.0,4.0,4.0,"38,0","4,0",ingenieria sistemas,1.0,soltero,backend,jefe I,otro,"3,0","3,0","2,8","1,4","3,4","3,6","3,0","3,2","2,6","2,4","2,6","3,2","3,2","2,6","3,0","3,6","3,6","2,4","3,6","2,8",35-45,1-3,3-5
126,w07hj742e6fofxcw07tz90cspfvbi1s8,2.0,4.0,5.0,5.0,2.0,1.0,1.0,5.0,4.0,2.0,4.0,2.0,4.0,4.0,5.0,5.0,5.0,2.0,5.0,4.0,4.0,1.0,3.0,3.0,3.0,3.0,3.0,3.0,3.0,4.0,4.0,4.0,3.0,2.0,4.0,4.0,5.0,3.0,3.0,4.0,2.0,5.0,4.0,3.0,3.0,4.0,3.0,4.0,3.0,4.0,1.0,4.0,3.0,4.0,4.0,5.0,4.0,4.0,3.0,4.0,5.0,4.0,3.0,3.0,3.0,3.0,3.0,4.0,3.0,3.0,5.0,3.0,4.0,2.0,3.0,4.0,4.0,4.0,4.0,5.0,5.0,4.0,2.0,3.0,4.0,4.0,5.0,4.0,3.0,4.0,5.0,5.0,5.0,4.0,3.0,"44,0","5,0",ingenieria electrica,4.0,casado,soporte,analista I,masculino,"3,0","3,4","3,8","3,2","4,6","3,6","2,8","2,4","3,6","3,4","3,2","4,0","3,4","3,0","4,0","3,6","4,4","4,0","3,8","3,8",35-45,1-3,3-5
127,4v25u27yxudii5eme4v25upjlws4zun6,4.0,5.0,5.0,2.0,5.0,1.0,5.0,5.0,5.0,4.0,5.0,5.0,4.0,4.0,5.0,5.0,5.0,1.0,1.0,5.0,5.0,1.0,5.0,4.0,5.0,5.0,5.0,5.0,5.0,5.0,5.0,5.0,5.0,5.0,5.0,5.0,5.0,5.0,5.0,5.0,5.0,5.0,5.0,5.0,5.0,5.0,5.0,5.0,5.0,5.0,1.0,5.0,5.0,5.0,5.0,5.0,5.0,5.0,5.0,5.0,5.0,5.0,5.0,5.0,5.0,5.0,5.0,4.0,4.0,5.0,4.0,4.0,5.0,5.0,4.0,5.0,5.0,5.0,4.0,5.0,5.0,5.0,1.0,4.0,5.0,3.0,3.0,5.0,5.0,2.0,3.0,5.0,5.0,5.0,5.0,"44,0","4,0",sicologo,0.0,soltero,gh,analista I,femenino,"1,0","4,8","5,0","4,0","4,4","4,8","4,2","4,2","4,8","5,0","4,4","4,4","4,8","4,0","4,0","4,4","5,0","5,0","4,0","4,2",35-45,0-1,3-5
128,appcipyd6udosmubgappci02vo01nfkk,2.0,1.0,1.0,1.0,5.0,2.0,1.0,4.0,1.0,5.0,5.0,4.0,4.0,1.0,4.0,5.0,4.0,4.0,1.0,3.0,3.0,4.0,3.0,4.0,4.0,4.0,2.0,4.0,5.0,4.0,4.0,4.0,4.0,3.0,4.0,4.0,3.0,3.0,4.0,3.0,4.0,5.0,5.0,5.0,3.0,4.0,4.0,3.0,5.0,3.0,4.0,5.0,4.0,4.0,4.0,3.0,3.0,5.0,5.0,4.0,5.0,5.0,4.0,4.0,4.0,5.0,5.0,5.0,4.0,4.0,5.0,5.0,4.0,4.0,4.0,5.0,5.0,4.0,5.0,5.0,3.0,5.0,4.0,3.0,4.0,1.0,5.0,2.0,4.0,5.0,5.0,5.0,4.0,5.0,5.0,"29,0","6,0",ingenieria sistemas,2.0,casado,frontend,analista III,otro,"3,0","3,8","3,2","3,6","3,8","4,4","4,0","3,2","3,4","3,6","3,8","4,8","3,4","4,0","4,0","4,2","4,4","4,0","3,8","3,4",25-35,1-3,5-8
129,hlqsut79bvpuz1sayhl2tp3i7lhdz1jt,4.0,4.0,5.0,5.0,5.0,5.0,2.0,4.0,4.0,5.0,5.0,5.0,5.0,1.0,5.0,1.0,2.0,5.0,5.0,3.0,2.0,2.0,3.0,5.0,3.0,3.0,3.0,3.0,3.0,4.0,4.0,4.0,3.0,4.0,3.0,4.0,3.0,3.0,3.0,4.0,4.0,5.0,4.0,4.0,3.0,4.0,4.0,4.0,4.0,4.0,1.0,5.0,3.0,3.0,3.0,4.0,4.0,5.0,3.0,4.0,5.0,4.0,3.0,4.0,3.0,4.0,5.0,4.0,4.0,3.0,4.0,3.0,4.0,2.0,3.0,3.0,4.0,3.0,3.0,5.0,5.0,3.0,3.0,3.0,3.0,4.0,5.0,5.0,5.0,5.0,5.0,5.0,4.0,3.0,3.0,"28,0","6,0",ingenieria industrial,2.0,soltero,analista,analista II,masculino,"3,0","3,8","3,2","3,6","4,6","4,6","3,6","3,0","3,4","3,6","4,2","4,4","4,4","3,6","3,6","4,0","3,2","3,0","3,6","3,6",25-35,1-3,5-8
130,ifydv8xowbtvldx5aifydv8x1i0tpk01,2.0,2.0,1.0,4.0,5.0,1.0,1.0,5.0,5.0,2.0,1.0,4.0,4.0,4.0,5.0,2.0,2.0,1.0,5.0,5.0,5.0,2.0,3.0,5.0,3.0,3.0,4.0,2.0,3.0,5.0,3.0,5.0,4.0,5.0,4.0,5.0,5.0,5.0,5.0,5.0,5.0,5.0,5.0,5.0,2.0,5.0,3.0,3.0,4.0,4.0,5.0,5.0,3.0,5.0,5.0,5.0,5.0,5.0,5.0,4.0,5.0,5.0,4.0,3.0,4.0,5.0,5.0,3.0,3.0,4.0,4.0,4.0,4.0,3.0,3.0,3.0,4.0,4.0,3.0,5.0,3.0,4.0,4.0,4.0,3.0,4.0,5.0,5.0,5.0,5.0,5.0,4.0,5.0,5.0,5.0,"41,0","4,0",ingenieria sistemas,1.0,casado,backend,analista III,femenino,"3,0","4,2","4,2","3,0","4,4","4,6","3,4","2,6","4,4","3,6","3,4","3,6","3,8","4,6","4,4","4,4","3,8","4,0","3,8","4,6",35-45,1-3,3-5
131,tvmzaz89jny7j0jtvmzazbnul9cum36t,1.0,2.0,1.0,1.0,2.0,2.0,1.0,2.0,2.0,5.0,5.0,4.0,4.0,1.0,5.0,5.0,4.0,4.0,1.0,3.0,2.0,2.0,3.0,3.0,2.0,3.0,2.0,3.0,4.0,2.0,2.0,2.0,2.0,3.0,4.0,3.0,4.0,4.0,3.0,3.0,2.0,3.0,4.0,4.0,3.0,5.0,3.0,4.0,3.0,3.0,3.0,5.0,4.0,4.0,5.0,1.0,5.0,2.0,3.0,3.0,3.0,4.0,4.0,4.0,2.0,4.0,4.0,5.0,5.0,5.0,4.0,4.0,4.0,5.0,5.0,4.0,5.0,4.0,4.0,5.0,5.0,4.0,4.0,5.0,5.0,5.0,5.0,5.0,3.0,4.0,4.0,5.0,4.0,4.0,4.0,"35,0","1,0",ingenieria electrica,0.0,soltero,soporte,analista II,otro,"4,0","2,8","2,8","2,4","3,0","3,6","3,2","3,0","3,2","3,4","4,4","4,0","3,8","3,4","3,2","4,0","4,4","4,2","3,6","3,6",25-35,3-5,0-1
132,irb60s7ki4wc61di91bzirb60scx2o5u,4.0,2.0,5.0,2.0,2.0,1.0,1.0,5.0,5.0,2.0,1.0,5.0,4.0,1.0,5.0,1.0,2.0,5.0,5.0,3.0,3.0,1.0,5.0,5.0,5.0,4.0,3.0,4.0,1.0,3.0,3.0,4.0,3.0,5.0,3.0,5.0,5.0,4.0,3.0,4.0,1.0,5.0,4.0,4.0,1.0,4.0,3.0,2.0,5.0,5.0,1.0,5.0,3.0,3.0,3.0,5.0,5.0,4.0,2.0,5.0,5.0,5.0,5.0,3.0,3.0,4.0,2.0,3.0,3.0,3.0,5.0,3.0,2.0,3.0,5.0,4.0,4.0,1.0,2.0,5.0,5.0,3.0,3.0,1.0,4.0,2.0,4.0,5.0,5.0,5.0,5.0,5.0,5.0,4.0,4.0,"43,0","2,0",sicologo,0.0,casado,gh,analista I,masculino,"4,0","3,6","2,4","2,8","4,4","4,2","3,6","2,4","3,2","4,0","1,8","3,2","4,2","3,4","3,8","4,2","2,8","3,6","4,8","4,4",35-45,3-5,1-3
133,xydgkl97nn9sexomxydgks5877mwlke3,2.0,5.0,4.0,2.0,2.0,4.0,1.0,5.0,1.0,2.0,4.0,4.0,4.0,4.0,1.0,5.0,4.0,4.0,5.0,2.0,2.0,1.0,5.0,2.0,3.0,5.0,3.0,4.0,5.0,5.0,5.0,4.0,4.0,5.0,5.0,4.0,4.0,3.0,3.0,4.0,3.0,5.0,3.0,5.0,4.0,4.0,5.0,5.0,4.0,5.0,3.0,5.0,1.0,4.0,5.0,4.0,4.0,4.0,3.0,4.0,5.0,5.0,4.0,3.0,3.0,3.0,3.0,3.0,3.0,4.0,4.0,3.0,4.0,3.0,4.0,3.0,4.0,3.0,4.0,5.0,5.0,5.0,1.0,3.0,4.0,2.0,5.0,5.0,4.0,5.0,5.0,4.0,4.0,4.0,5.0,"26,0","1,0",ingenieria sistemas,4.0,soltero,frontend,analista II,femenino,"1,0","3,0","3,4","3,2","4,4","3,4","4,2","2,8","3,6","3,4","3,4","4,2","4,4","3,8","4,4","3,0","4,4","4,0","4,0","4,0",25-35,0-1,0-1
134,hth417bxcoztnzpxq7o11hth417b36vh,2.0,4.0,1.0,1.0,2.0,1.0,1.0,5.0,2.0,2.0,1.0,4.0,4.0,1.0,5.0,5.0,2.0,1.0,5.0,4.0,3.0,3.0,5.0,2.0,4.0,4.0,3.0,5.0,5.0,5.0,3.0,5.0,4.0,4.0,5.0,3.0,5.0,4.0,5.0,5.0,4.0,5.0,4.0,5.0,3.0,5.0,5.0,4.0,5.0,2.0,5.0,5.0,3.0,4.0,5.0,5.0,5.0,5.0,3.0,4.0,5.0,5.0,4.0,4.0,4.0,5.0,5.0,5.0,4.0,5.0,4.0,3.0,4.0,4.0,5.0,5.0,5.0,4.0,4.0,5.0,5.0,4.0,1.0,4.0,4.0,3.0,5.0,5.0,5.0,5.0,3.0,5.0,4.0,5.0,5.0,"24,0","1,0",ingenieria industrial,4.0,casado,analista,jefe II,otro,"1,0","4,2","3,8","3,2","4,2","3,6","3,6","2,6","4,2","4,2","3,8","4,2","3,6","4,8","3,8","3,6","4,6","3,6","4,2","4,8",18-25,0-1,0-1
135,tka8xlwnkwa1n7wj62watka8xnp6svrz,2.0,2.0,5.0,5.0,2.0,4.0,2.0,1.0,5.0,2.0,4.0,4.0,4.0,5.0,5.0,2.0,1.0,4.0,5.0,4.0,3.0,4.0,5.0,4.0,3.0,5.0,5.0,4.0,3.0,4.0,5.0,3.0,3.0,3.0,4.0,4.0,4.0,5.0,4.0,4.0,4.0,5.0,4.0,4.0,3.0,3.0,4.0,4.0,3.0,3.0,4.0,3.0,4.0,4.0,4.0,5.0,4.0,4.0,3.0,4.0,5.0,4.0,3.0,3.0,4.0,5.0,4.0,4.0,3.0,3.0,4.0,4.0,4.0,4.0,3.0,3.0,4.0,3.0,3.0,5.0,4.0,3.0,2.0,4.0,4.0,4.0,4.0,5.0,5.0,4.0,5.0,4.0,3.0,4.0,4.0,"37,0","5,0",ingenieria sistemas,4.0,soltero,backend,jefe II,masculino,"2,0","3,6","3,0","4,0","5,0","3,6","3,4","3,0","3,4","4,4","3,4","3,8","4,0","3,8","3,8","4,2","3,6","3,2","4,0","4,2",35-45,1-3,3-5
136,rcexhesb1tghhe0359bg13jrcexhesmg,4.0,2.0,2.0,2.0,2.0,2.0,1.0,5.0,5.0,5.0,5.0,2.0,4.0,4.0,5.0,1.0,4.0,1.0,5.0,3.0,5.0,3.0,5.0,4.0,5.0,5.0,5.0,5.0,4.0,5.0,5.0,5.0,4.0,5.0,5.0,5.0,5.0,5.0,5.0,3.0,3.0,5.0,5.0,5.0,5.0,4.0,5.0,5.0,5.0,2.0,5.0,3.0,3.0,3.0,5.0,1.0,5.0,5.0,5.0,5.0,5.0,5.0,5.0,5.0,4.0,5.0,5.0,5.0,5.0,5.0,5.0,5.0,5.0,5.0,4.0,5.0,5.0,5.0,4.0,5.0,5.0,5.0,1.0,1.0,5.0,5.0,5.0,5.0,5.0,5.0,5.0,5.0,5.0,5.0,4.0,"35,0","5,0",ingenieria electrica,3.0,casado,soporte,analista III,femenino,"1,0","4,4","4,0","3,4","4,4","4,2","4,4","3,4","3,8","5,0","4,8","5,0","3,8","4,8","4,2","4,6","3,8","4,8","3,2","4,8",25-35,0-1,3-5
137,8rqgjw6o4cs9djji9o8rqgjw2egxjg8x,4.0,2.0,1.0,5.0,2.0,4.0,1.0,5.0,4.0,5.0,5.0,4.0,4.0,1.0,5.0,5.0,4.0,4.0,1.0,4.0,5.0,3.0,5.0,5.0,5.0,5.0,5.0,5.0,5.0,5.0,5.0,5.0,4.0,5.0,5.0,4.0,5.0,5.0,5.0,5.0,3.0,5.0,5.0,5.0,5.0,5.0,5.0,5.0,5.0,3.0,4.0,5.0,5.0,3.0,5.0,5.0,5.0,4.0,5.0,5.0,5.0,5.0,4.0,5.0,5.0,5.0,5.0,5.0,5.0,5.0,3.0,4.0,5.0,5.0,4.0,4.0,5.0,4.0,5.0,5.0,5.0,4.0,1.0,5.0,5.0,5.0,5.0,4.0,5.0,3.0,4.0,5.0,5.0,5.0,5.0,"33,0","1,0",sicologo,3.0,soltero,gh,jefe II,otro,"2,0","4,4","4,2","3,4","5,0","4,4","4,4","3,4","5,0","4,8","5,0","5,0","4,2","4,6","3,2","4,6","4,6","4,6","4,6","4,0",25-35,1-3,0-1
138,j7c4e28t1eprtywj7nwwrgqhecvggdga,2.0,4.0,1.0,4.0,4.0,5.0,5.0,5.0,4.0,5.0,5.0,5.0,4.0,2.0,5.0,1.0,2.0,5.0,5.0,1.0,1.0,1.0,1.0,2.0,5.0,1.0,1.0,1.0,5.0,1.0,1.0,5.0,2.0,5.0,1.0,4.0,5.0,1.0,5.0,5.0,1.0,5.0,5.0,5.0,5.0,5.0,4.0,2.0,5.0,4.0,1.0,5.0,5.0,5.0,4.0,5.0,5.0,1.0,1.0,3.0,5.0,5.0,5.0,5.0,1.0,5.0,5.0,2.0,2.0,2.0,4.0,4.0,4.0,1.0,4.0,3.0,4.0,4.0,4.0,5.0,5.0,5.0,4.0,1.0,5.0,5.0,5.0,5.0,4.0,3.0,5.0,5.0,5.0,5.0,5.0,"36,0","6,0",ingenieria sistemas,1.0,casado,frontend,analista I,masculino,"3,0","2,6","3,0","2,0","4,0","4,2","5,0","4,0","2,6","3,8","4,4","3,6","3,4","3,2","3,2","4,8","3,2","3,2","4,8","3,8",35-45,1-3,5-8
